id,encoding
cmr121_mask1,3482 1 3674 1 3770 1 4920 1 5015 3 5111 3 5206 5 5302 5 5399 5 5496 4 5592 5 5689 4 5784 6 5880 6 5977 5 6073 6 6169 7 6265 10 6361 12 6458 11 6555 13 6651 16 6668 1 6670 3 6748 17 6847 11 6949 4 7047 1
cmr121_mask2,2161 6 2255 11 2342 4 2348 15 2436 25 2530 28 2625 22 2648 7 2720 22 2744 1 2746 7 2815 17 2844 6 2910 12 2942 4 3005 9 3038 5 3101 8 3135 4 3196 8 3232 4 3292 5 3328 5 3387 6 3425 4 3483 6 3522 4 3578 7 3618 5 3675 6 3714 5 3771 5 3810 5 3866 6 3907 5 3962 6 4003 5 4058 6 4099 5 4154 6 4196 5 4249 7 4292 4 4345 7 4387 6 4441 7 4484 5 4537 7 4580 5 4633 8 4676 5 4729 8 4771 6 4825 8 4866 7 4921 9 4962 7 5018 9 5058 7 5114 10 5153 7 5211 9 5248 7 5307 10 5343 8 5404 9 5437 1 5439 8 5500 9 5533 9 5597 9 5627 11 5693 11 5721 12 5790 15 5815 12 5886 16 5909 13 5982 36 6079 33 6176 30 6275 27 6373 23 6469 22 6568 16 6667 1 6669 1
cmr121_mask3,2647 1 2742 2 2745 1 2832 12 2922 20 3014 24 3109 26 3204 28 3297 31 3393 32 3489 33 3585 33 3681 33 3776 34 3872 35 3968 35 4064 35 4160 36 4256 36 4352 35 4448 36 4544 36 4641 35 4737 34 4833 33 4930 32 5027 31 5124 29 5220 28 5317 26 5413 24 5438 1 5509 24 5606 21 5704 17 5805 10 5902 7
cmr122_mask1,3578 1 4537 1 4633 1 5307 1 5403 1 5500 1 6178 1 6274 2 6372 2 6569 2 6668 3
cmr122_mask2,2063 1 2065 5 2156 12 2248 17 2341 21 2435 24 2530 26 2625 29 2719 33 2814 16 2832 16 2909 15 2932 13 3004 13 3030 11 3100 12 3129 9 3195 11 3226 8 3291 10 3323 7 3387 8 3422 6 3483 7 3518 6 3579 7 3614 7 3674 8 3711 5 3717 1 3770 8 3808 6 3866 7 3904 7 3962 7 4000 7 4058 7 4096 8 4153 8 4193 8 4249 8 4290 7 4345 8 4386 6 4441 9 4482 6 4538 8 4577 7 4634 9 4672 8 4730 10 4768 7 4826 11 4863 8 4922 11 4959 8 5018 12 5054 8 5115 11 5150 8 5211 12 5245 8 5308 12 5339 9 5404 13 5434 10 5501 14 5529 11 5597 16 5622 13 5693 18 5716 14 5790 36 5887 34 5984 31 6081 30 6179 26 6276 24 6374 21 6470 19 6571 11 6671 5
cmr122_mask3,2830 2 2924 8 3017 13 3112 17 3206 20 3301 22 3395 27 3490 28 3586 28 3682 29 3778 30 3873 31 3969 31 4065 31 4161 32 4257 33 4353 33 4450 32 4546 31 4643 29 4740 28 4837 26 4933 26 5030 24 5126 24 5223 22 5320 19 5417 17 5515 14 5613 9 5711 5
cmr123_mask1,181 1 183 1 277 1 279 1 503 17 597 20 691 22 785 26 880 28 974 30 1069 33 1162 38 1257 40 1352 42 1447 38 1487 3 1542 34 1584 2 1637 30 1731 29 1827 29 1922 29 2017 28 2113 26 2209 26 2305 24 2401 23 2497 22 2593 21 2689 21 2785 20 2881 1 2883 17 2979 16 3076 15 3172 14 3270 12 3367 12 3464 11 3561 9 3657 8 3754 7 3853 4 3950 2 5436 1
cmr123_mask2,1485 2 1576 8 1667 18 1760 23 1856 25 1951 13 1967 12 2045 9 2070 5 2139 9 2167 6 2235 8 2264 5 2329 8 2361 5 2424 8 2458 4 2519 8 2555 4 2614 7 2651 4 2710 6 2748 4 2805 6 2844 5 2900 6 2940 5 2995 7 3036 6 3091 6 3132 6 3186 7 3228 6 3282 7 3325 6 3379 5 3421 6 3475 4 3518 5 3570 5 3614 5 3665 5 3710 5 3761 5 3806 5 3857 5 3902 5 3952 6 3998 5 4049 5 4094 5 4145 5 4190 5 4241 5 4286 5 4337 5 4381 6 4434 4 4477 5 4530 4 4574 4 4627 4 4669 5 4723 5 4764 5 4819 5 4859 6 4916 5 4954 6 5012 5 5050 6 5109 6 5145 6 5205 6 5239 8 5302 6 5335 7 5400 5 5429 7 5497 6 5525 7 5593 7 5617 1 5619 8 5690 12 5710 12 5788 12 5804 12 5885 26 5982 23 6080 17 6179 10
cmr123_mask3,1964 3 2054 16 2148 19 2243 21 2337 24 2432 26 2527 28 2621 30 2716 32 2811 33 2906 34 3002 34 3097 35 3193 35 3289 36 3384 37 3479 39 3575 39 3670 40 3766 40 3862 40 3958 40 4054 40 4150 40 4246 40 4342 39 4438 39 4534 40 4631 38 4728 36 4824 35 4921 33 5017 33 5115 30 5211 28 5308 27 5405 24 5503 22 5600 17 5618 1 5702 8 5800 4
cmr124_mask1,181 1 183 1 508 12 601 16 695 20 786 26 880 29 974 32 1069 34 1162 39 1258 40 1353 41 1447 45 1543 45 1639 31 1681 3 1733 30 1828 29 1924 28 2020 26 2117 24 2213 23 2309 21 2405 20 2502 19 2598 17 2694 16 2791 15 2887 14 2983 14 3080 12 3176 11 3273 9 3370 9 3467 8 3563 7 3662 4 3759 3 3855 2
cmr124_mask2,1670 11 1763 17 1857 21 1952 22 2046 11 2061 12 2141 9 2159 11 2236 8 2258 1 2260 8 2330 8 2357 8 2425 8 2455 7 2521 7 2553 5 2615 7 2648 6 2710 7 2745 6 2806 7 2841 6 2901 6 2938 6 2997 6 3035 5 3092 6 3132 4 3187 6 3228 4 3282 7 3324 4 3379 6 3420 5 3475 5 3516 5 3570 6 3612 6 3666 5 3708 6 3762 4 3805 5 3857 5 3900 6 3953 5 3996 6 4049 5 4092 6 4145 5 4188 6 4241 5 4284 6 4338 4 4380 5 4434 4 4475 6 4530 4 4571 6 4626 5 4667 6 4723 5 4761 7 4819 5 4856 8 4915 6 4952 8 5012 6 5048 7 5109 6 5142 8 5205 7 5236 9 5303 6 5331 9 5400 6 5425 9 5497 7 5520 10 5594 6 5601 4 5614 10 5690 28 5787 26 5884 24 5982 20 6082 14 6186 1
cmr124_mask3,2057 4 2150 9 2244 14 2259 1 2338 19 2433 22 2528 25 2622 26 2717 28 2813 28 2907 31 3003 32 3098 34 3193 35 3289 35 3385 35 3480 36 3576 36 3671 37 3766 39 3862 38 3958 38 4054 38 4150 38 4246 38 4342 38 4438 37 4534 37 4631 36 4728 33 4824 32 4921 31 5018 30 5115 27 5212 24 5309 22 5406 19 5504 16 5600 1 5605 9
cmr125_mask1,1668 17 1762 21 1856 25 1951 20 2045 19 2139 19 2234 18 2329 18 2424 18 2520 17 2616 16 2711 16 2807 15 2904 13 3001 11 3097 11 3194 10 3291 9 3387 9 3483 9 3580 8 3676 7 3773 6 3870 5 3967 4 4064 1 4066 2 4162 2 4259 1
cmr125_mask2,1881 1 1971 10 2064 15 2158 20 2252 14 2269 6 2347 12 2365 7 2442 7 2464 5 2537 6 2560 6 2632 6 2657 5 2727 5 2754 5 2822 6 2851 5 2917 6 2947 6 3012 6 3045 4 3108 6 3141 5 3204 6 3238 4 3300 5 3334 4 3396 5 3430 5 3492 5 3526 5 3588 4 3623 4 3683 5 3719 4 3779 4 3814 5 3875 5 3910 5 3971 5 4007 4 4068 4 4102 5 4164 4 4198 5 4260 4 4294 4 4356 4 4390 4 4452 4 4485 5 4548 4 4581 5 4644 5 4676 5 4740 6 4772 5 4837 5 4867 5 4934 4 4963 5 5031 4 5059 5 5128 6 5152 7 5225 6 5247 8 5322 6 5342 8 5418 9 5437 6 5516 22 5613 21 5711 17 5811 1 5813 5 5820 2
cmr125_mask3,2266 3 2359 6 2449 15 2543 17 2638 19 2732 22 2828 23 2923 24 3018 27 3114 27 3210 28 3305 29 3401 29 3497 29 3592 31 3688 31 3783 31 3880 30 3976 31 4072 30 4168 30 4264 30 4360 30 4456 29 4552 29 4649 27 4746 26 4842 25 4938 25 5035 24 5134 18 5231 16 5328 14 5427 10
cmr126_mask1,1676 3 1769 8 1780 2 1862 19 1956 22 2051 14 2145 14 2240 13 2335 13 2431 12 2526 12 2622 11 2717 10 2813 10 2855 1 2908 10 3004 9 3048 1 3100 9 3196 8 3292 8 3389 7 3487 5 3583 5 3680 3 3776 3 3873 2 3970 1 4066 1
cmr126_mask2,1978 3 2065 13 2159 17 2253 21 2348 23 2443 8 2453 1 2457 11 2538 8 2557 8 2633 7 2655 7 2727 7 2752 7 2823 6 2849 6 2918 6 2946 6 3013 6 3043 5 3109 6 3139 6 3204 6 3235 6 3300 6 3332 5 3396 6 3428 5 3492 6 3524 6 3588 6 3620 6 3683 7 3716 6 3779 7 3813 5 3875 7 3909 6 3971 7 4005 6 4067 6 4101 6 4162 8 4196 7 4258 8 4292 6 4354 8 4388 5 4451 7 4483 6 4548 6 4579 6 4644 6 4674 6 4740 6 4770 6 4837 7 4865 7 4934 9 4960 8 5031 9 5056 7 5128 10 5148 9 5224 13 5242 10 5321 26 5418 25 5516 21 5614 18 5713 14 5811 8 5911 1
cmr126_mask3,2451 2 2454 3 2546 11 2640 15 2734 18 2829 20 2924 22 3019 24 3115 24 3210 25 3306 26 3402 26 3498 26 3594 26 3690 26 3786 27 3882 27 3978 27 4073 28 4170 26 4266 26 4362 26 4458 25 4554 25 4650 24 4746 24 4844 21 4943 17 5040 16 5138 10 5237 5
cmr127_mask1,1385 1 2231 2 2324 4 2419 5 2515 4 2611 4 2703 8 2799 7 2895 7 2991 7 3087 7 3184 6 3282 4 3377 5 3469 8 3564 9 3660 9 3755 11 3851 11 3947 11 4043 11 4139 11 4236 11 4332 11 4428 11 4525 11 4621 11 4684 1 4717 13 4779 3 4813 13 4874 5 4909 14 4969 6 5004 15 5065 6 5100 15 5159 8 5196 16 5254 9 5292 16 5349 10 5388 17 5444 11 5484 18 5538 11 5580 18 5633 12 5676 19 5728 10 5771 21 5823 2 5829 4 5868 22 5916 3 5964 23 6011 1 6060 24 6105 1 6157 24 6253 25 6291 1 6349 28 6446 25 6543 24 6639 23 6735 21 6831 20 6927 19 7026 12 7123 5
cmr127_mask2,1295 6 1386 14 1476 22 1569 27 1663 31 1757 15 1775 16 1852 10 1874 15 1947 6 1978 9 2042 5 2075 8 2137 6 2173 6 2233 6 2269 8 2328 6 2366 7 2424 6 2463 6 2519 6 2560 5 2615 5 2657 5 2711 5 2753 6 2806 5 2851 4 2902 5 2947 5 2998 5 3044 5 3094 5 3140 6 3190 5 3237 6 3286 5 3333 6 3382 5 3429 6 3477 6 3526 5 3573 6 3623 4 3669 6 3719 4 3766 5 3815 4 3862 5 3911 4 3958 5 4007 4 4054 5 4102 5 4150 5 4197 6 4247 5 4294 5 4343 6 4388 8 4439 6 4484 8 4536 5 4580 8 4632 6 4675 9 4730 5 4771 8 4826 5 4865 9 4923 4 4960 9 5019 5 5055 10 5115 7 5150 9 5212 6 5244 10 5308 7 5340 9 5405 7 5434 10 5502 8 5528 10 5598 9 5623 10 5695 9 5718 10 5792 10 5812 11 5890 26 5987 24 6084 21 6181 18 6278 13 6380 5
cmr127_mask3,1772 3 1862 12 1953 25 2047 28 2143 30 2239 30 2334 32 2430 33 2525 35 2620 37 2716 37 2811 40 2907 40 3003 41 3099 41 3195 42 3291 42 3387 42 3483 43 3579 44 3675 44 3771 44 3867 44 3963 44 4059 43 4155 42 4252 42 4349 39 4445 39 4541 39 4638 37 4735 36 4831 34 4927 33 5024 31 5122 28 5218 26 5315 25 5412 22 5510 18 5607 16 5704 14 5802 10
cmr128_mask1,2138 1 2232 2 2325 5 2421 4 2517 4 2566 1 2613 3 2705 6 2759 1 2800 7 2896 7 2992 7 3089 6 3183 1 3185 7 3278 10 3373 11 3467 12 3563 12 3659 12 3755 11 3851 12 3948 11 4044 11 4141 11 4237 12 4333 13 4430 12 4526 13 4622 13 4680 1 4719 12 4775 4 4815 13 4871 7 4911 13 4966 9 5006 15 5062 9 5102 16 5156 11 5198 17 5251 12 5294 17 5347 12 5391 16 5442 12 5487 17 5536 13 5583 18 5631 14 5679 18 5727 11 5739 1 5776 19 5821 12 5872 21 5915 6 5967 23 6009 6 6063 24 6103 1 6159 24 6255 24 6290 1 6352 23 6449 21 6546 19 6643 16 6740 13 6837 10 6938 1
cmr128_mask2,1201 2 1290 13 1383 18 1476 23 1570 28 1664 31 1758 11 1775 17 1853 9 1874 2 1878 12 1948 6 1977 10 2043 5 2075 9 2139 5 2172 9 2234 5 2268 9 2330 5 2366 7 2425 5 2463 7 2521 5 2560 6 2616 5 2656 7 2711 6 2753 6 2807 5 2851 5 2903 5 2947 6 2999 5 3043 6 3095 5 3139 7 3192 4 3235 7 3288 4 3332 6 3384 4 3428 6 3479 5 3524 6 3575 6 3620 6 3671 6 3716 6 3766 7 3813 5 3863 6 3909 5 3959 7 4004 6 4055 7 4100 6 4152 6 4195 6 4249 6 4290 7 4346 5 4386 7 4442 5 4482 7 4539 5 4577 8 4635 5 4673 7 4731 6 4768 7 4828 6 4863 8 4924 7 4958 8 5021 6 5053 9 5118 6 5149 7 5215 6 5244 7 5311 7 5339 8 5407 8 5434 8 5504 10 5528 8 5601 10 5623 8 5697 11 5717 10 5795 26 5893 22 5990 19 6087 16 6187 11 6286 4
cmr128_mask3,1769 6 1862 12 1876 2 1954 23 2048 27 2144 28 2239 29 2335 31 2430 33 2526 34 2621 35 2717 36 2812 39 2908 39 3004 39 3100 39 3196 39 3292 40 3388 40 3484 40 3581 39 3677 39 3773 40 3869 40 3966 38 4062 38 4158 37 4255 35 4351 35 4447 35 4544 33 4640 33 4737 31 4834 29 4931 27 5027 26 5124 25 5221 23 5318 21 5415 19 5514 14 5611 12 5708 9
cmr129_mask1,2910 2 3002 3 3006 2 3096 8 3190 10 3284 12 3379 12 3473 13 3569 13 3665 14 3760 14 3856 14 3952 14 4048 15 4143 16 4239 17 4335 17 4431 18 4527 18 4623 18 4719 18 4815 19 4912 18 5008 19 5104 19 5200 20 5297 20 5393 21 5490 20 5586 21 5682 21 5778 22 5874 24 5970 25 6066 25 6162 28 6258 29 6354 31 6450 34 6546 33 6642 33 6738 33 6834 33 6930 32 7026 31 7124 27 7223 21 7321 18 7417 16 7515 13 7613 9 7710 7
cmr129_mask2,1872 11 1964 23 2058 26 2153 28 2246 9 2273 5 2341 7 2369 6 2436 4 2441 1 2467 6 2531 4 2564 6 2626 5 2661 7 2721 4 2758 6 2817 4 2855 6 2912 5 2953 5 3008 4 3051 4 3104 4 3147 5 3200 4 3244 4 3296 4 3341 3 3391 4 3437 4 3486 6 3534 3 3582 6 3630 3 3679 5 3726 3 3774 6 3821 5 3870 6 3917 5 3966 6 4013 5 4063 5 4109 5 4159 5 4205 5 4256 5 4301 4 4352 5 4397 4 4449 4 4492 5 4545 4 4588 5 4641 4 4683 6 4737 5 4780 4 4834 4 4875 5 4930 5 4970 5 5027 5 5065 6 5123 5 5161 5 5220 5 5256 6 5317 5 5350 7 5414 5 5444 9 5510 6 5540 8 5607 6 5635 7 5703 8 5729 8 5800 9 5821 12 5898 10 5913 14 5995 27 6091 25 6190 20 6287 17 6385 13 6486 5
cmr129_mask3,2255 18 2348 21 2440 1 2442 25 2535 29 2631 30 2725 33 2821 34 2917 36 3012 39 3108 39 3204 40 3300 41 3395 42 3492 42 3588 42 3684 42 3780 41 3876 41 3972 41 4068 41 4164 41 4261 40 4357 40 4453 39 4549 39 4645 38 4742 38 4838 37 4935 35 5032 33 5128 33 5225 31 5322 28 5419 25 5516 24 5613 22 5711 18 5809 12 5908 5
cmr130_mask1,2719 2 2814 4 2908 6 3000 9 3094 11 3188 13 3284 13 3379 13 3473 15 3569 15 3665 15 3761 15 3857 14 3952 16 4048 16 4144 17 4239 18 4335 18 4431 19 4527 19 4623 19 4719 19 4815 19 4911 19 5008 18 5104 18 5201 18 5297 18 5393 19 5489 20 5545 1 5585 21 5681 22 5777 22 5873 24 5970 26 6066 26 6163 26 6259 30 6356 31 6453 34 6550 32 6647 31 6743 30 6840 29 6936 28 7034 24 7131 22 7228 16 7325 14 7423 9 7523 2
cmr130_mask2,1968 14 2059 23 2153 28 2247 14 2265 1 2267 11 2342 10 2365 9 2437 8 2463 9 2532 6 2561 8 2627 5 2658 8 2722 5 2755 8 2818 3 2852 7 2914 3 2951 6 3009 4 3048 5 3105 4 3145 5 3201 4 3241 5 3297 4 3338 5 3392 5 3435 4 3488 5 3532 4 3584 5 3628 5 3680 5 3725 4 3776 5 3821 4 3871 6 3916 5 3968 5 4013 4 4064 5 4108 5 4161 4 4204 5 4257 4 4299 6 4353 4 4395 6 4450 3 4491 5 4546 4 4586 6 4642 4 4682 6 4738 5 4778 5 4834 5 4872 7 4930 6 4968 6 5026 6 5063 7 5122 7 5157 8 5219 7 5253 7 5315 8 5348 7 5412 7 5443 7 5509 8 5539 6 5606 8 5634 7 5703 9 5728 7 5799 11 5819 11 5897 13 5912 1 5914 11 5996 23 6092 22 6189 20 6289 12 6387 8
cmr130_mask3,2261 4 2266 1 2352 13 2445 18 2538 23 2632 26 2727 28 2821 31 2917 34 3013 35 3109 36 3205 36 3301 37 3397 38 3493 39 3589 39 3685 40 3781 40 3877 39 3973 40 4069 39 4165 39 4261 38 4357 38 4453 38 4550 36 4646 36 4743 35 4839 33 4936 32 5032 31 5129 28 5226 27 5323 25 5419 24 5517 22 5614 20 5712 16 5810 9 5910 2 5913 1
cmr131_mask1,213 2 308 2 404 1 3680 1 3776 1 3871 3 3966 4 4062 4 4158 4 4253 5 4349 5 4445 6 4541 6 4637 6 4733 6 4829 6 4924 8 5020 9 5116 10 5212 10 5308 12 5404 13 5501 13 5598 12 5694 17 5791 20 5887 23 5984 25 6080 25 6176 25 6272 25 6369 23 6465 23 6562 20 6658 20 6755 18 6852 17 6949 15 7046 13 7143 6 7240 5 7338 2
cmr131_mask2,2072 1 2162 1 2165 6 2256 12 2349 17 2444 23 2539 7 2550 14 2631 6 2654 7 2726 5 2751 7 2821 4 2849 5 2916 5 2946 5 3011 5 3043 5 3107 5 3139 5 3202 4 3237 4 3297 5 3333 4 3393 5 3429 4 3489 4 3525 4 3585 5 3622 3 3681 4 3717 5 3777 4 3814 5 3874 4 3911 4 3970 4 4006 4 4066 4 4102 5 4162 4 4198 4 4258 5 4293 5 4354 5 4388 5 4451 5 4484 5 4547 6 4579 5 4643 6 4674 5 4739 7 4770 4 4835 7 4866 4 4932 7 4960 5 5029 8 5055 6 5126 8 5151 5 5222 9 5247 4 5320 11 5341 5 5417 13 5436 5 5514 12 5531 6 5610 21 5711 15 5811 10 5910 6
cmr131_mask3,2546 4 2637 17 2731 20 2825 24 2921 25 3016 27 3112 27 3206 31 3302 31 3398 31 3493 32 3590 32 3685 32 3781 33 3878 33 3974 32 4070 32 4166 32 4263 30 4359 29 4456 28 4553 26 4649 25 4746 24 4842 24 4939 21 5037 18 5134 17 5231 16 5331 10 5430 6 5526 5
cmr132_mask1,213 2 307 3 404 1 2256 1 3586 1 3681 2 3776 3 3871 4 3967 4 4007 1 4062 5 4158 5 4253 7 4349 7 4446 6 4542 7 4637 8 4733 9 4829 9 4925 9 5021 11 5117 11 5154 1 5214 11 5310 12 5406 13 5502 15 5598 16 5695 20 5791 22 5814 5 5888 27 5984 26 6080 26 6177 25 6273 24 6369 23 6466 21 6563 18 6660 14 6757 12 6855 6 6953 3
cmr132_mask2,2257 6 2349 14 2443 18 2537 20 2632 24 2727 9 2742 12 2822 7 2842 8 2917 5 2939 8 3012 6 3037 7 3108 5 3133 8 3203 5 3231 6 3299 5 3328 6 3395 4 3425 5 3491 3 3522 4 3587 3 3619 4 3683 3 3716 3 3779 3 3812 3 3875 3 3907 4 3971 3 4003 4 4067 4 4098 5 4163 4 4194 4 4260 4 4289 6 4356 4 4385 4 4452 6 4481 4 4549 5 4576 6 4645 6 4672 5 4742 6 4768 5 4838 7 4863 6 4934 8 4957 7 5032 8 5052 7 5128 11 5148 6 5225 13 5244 6 5322 23 5419 21 5517 18 5614 16 5715 9 5813 1
cmr132_mask3,2736 6 2829 13 2922 17 3018 19 3113 20 3208 23 3304 24 3399 26 3494 28 3590 29 3686 30 3782 30 3878 29 3974 29 4071 27 4167 27 4264 25 4360 25 4458 23 4554 22 4651 21 4748 20 4845 18 4942 15 5040 12 5139 9 5238 6
cmr133_mask1,1876 1 1958 1 2904 1 3000 1 3094 3 3188 4 3284 4 3379 4 3474 5 3569 6 3665 6 3761 6 3856 7 3952 6 4048 7 4143 8 4239 8 4334 10 4430 10 4525 11 4621 11 4717 11 4813 12 4909 12 5005 13 5101 13 5198 13 5294 14 5391 13 5487 14 5584 15 5680 16 5725 1 5776 18 5873 18 5913 1 5970 20 6005 1 6066 24 6163 24 6188 3 6192 1 6260 20 6359 11 6371 1 6458 5
cmr133_mask2,1771 5 1864 12 1877 1 1959 18 1979 1 2052 25 2146 28 2240 31 2335 11 2359 1 2361 8 2429 8 2458 8 2524 7 2555 7 2620 6 2653 6 2715 6 2750 6 2809 6 2847 6 2905 6 2944 5 3001 4 3041 5 3097 4 3137 5 3192 5 3235 4 3288 4 3331 4 3383 4 3428 4 3479 4 3524 4 3575 4 3620 4 3671 4 3716 4 3767 5 3813 3 3863 5 3909 4 3958 6 4005 3 4055 5 4101 3 4151 5 4196 4 4247 5 4292 4 4344 4 4388 4 4440 4 4483 4 4536 4 4578 5 4632 5 4674 5 4728 6 4769 5 4825 5 4864 6 4921 6 4960 6 5018 6 5055 7 5114 7 5150 7 5211 7 5244 8 5308 8 5338 9 5404 10 5431 11 5501 12 5525 12 5599 13 5614 1 5616 16 5696 29 5794 26 5891 22 5990 15 6090 10
cmr133_mask3,2346 13 2360 1 2437 21 2531 24 2626 27 2721 29 2815 32 2911 33 3005 36 3101 36 3197 38 3292 39 3387 41 3483 41 3579 41 3675 41 3772 41 3868 41 3964 41 4060 41 4156 40 4252 40 4348 40 4444 39 4540 38 4637 37 4734 35 4830 34 4927 33 5024 31 5121 29 5218 26 5316 22 5414 17 5513 12 5612 2 5615 1
cmr134_mask1,1776 1 1867 2 1875 1 1973 1 2999 1 3095 1 3189 3 3234 1 3284 3 3380 3 3476 3 3523 1 3571 3 3667 3 3762 4 3858 4 3908 1 3953 5 4049 4 4145 4 4240 6 4336 6 4432 6 4528 6 4624 7 4720 8 4816 8 4912 9 5008 9 5105 8 5201 9 5298 8 5395 8 5491 9 5588 10 5628 1 5684 12 5783 9 5817 1 5880 10 5978 10 6075 9 6085 5 6099 1
cmr134_mask2,1864 3 1869 6 1958 15 2051 21 2145 25 2240 27 2334 30 2429 12 2448 13 2524 9 2534 1 2548 9 2619 9 2646 8 2714 8 2745 6 2808 9 2841 7 2904 8 2938 7 3000 7 3035 6 3096 7 3131 7 3192 6 3229 5 3287 7 3325 6 3383 7 3422 5 3479 6 3519 4 3574 7 3615 5 3670 7 3711 5 3766 7 3807 5 3862 7 3904 4 3958 7 4000 4 4053 8 4096 4 4149 9 4192 4 4246 8 4287 5 4342 8 4383 4 4438 9 4478 5 4534 9 4574 5 4631 8 4669 6 4728 8 4765 5 4824 9 4861 5 4921 9 4957 5 5017 10 5051 6 5113 11 5147 6 5210 12 5241 8 5306 14 5336 8 5403 13 5430 9 5500 15 5522 11 5598 30 5696 27 5792 25 5890 23 5988 17 6091 8 6188 4
cmr134_mask3,2441 7 2533 1 2535 13 2628 18 2722 23 2817 24 2912 26 3007 28 3103 28 3198 31 3294 31 3390 32 3485 34 3581 34 3677 34 3773 34 3869 35 3965 35 4061 35 4158 34 4254 33 4350 33 4447 31 4543 31 4639 30 4736 29 4833 28 4930 27 5027 24 5124 23 5222 19 5320 16 5416 14 5515 7
cmr135_mask1,3031 1 3121 1 3131 2 3231 1 3308 1 3687 1 3781 2 3876 3 3970 5 4065 5 4161 5 4256 5 4351 6 4446 7 4542 7 4637 7 4732 8 4828 8 4924 8 5017 11 5112 12 5208 13 5303 14 5399 14 5494 15 5590 15 5686 15 5781 17 5877 18 5973 18 6069 19 6119 1 6165 20 6261 21 6357 22 6452 24 6548 26 6645 26 6742 24 6839 21 6937 18 7034 14
cmr135_mask2,3029 2 3122 9 3213 18 3309 21 3402 26 3497 10 3513 13 3592 7 3614 9 3688 5 3713 7 3783 5 3810 7 3879 5 3907 7 3975 4 4004 7 4070 4 4101 6 4166 4 4197 7 4261 5 4294 7 4357 5 4390 7 4453 4 4487 7 4549 4 4584 6 4644 5 4680 6 4740 5 4776 6 4836 5 4873 5 4932 5 4969 5 5028 5 5065 5 5124 5 5160 6 5221 4 5256 6 5317 4 5351 7 5413 4 5447 6 5509 5 5541 8 5605 5 5636 8 5701 6 5731 9 5798 5 5826 9 5895 5 5922 8 5991 6 6018 7 6088 7 6112 7 6185 7 6204 10 6282 27 6379 24 6476 21 6574 16 6671 11
cmr135_mask3,3507 6 3599 15 3693 20 3788 22 3884 23 3979 25 4074 27 4170 27 4266 28 4362 28 4457 30 4553 31 4649 31 4745 31 4841 32 4937 32 5033 32 5129 31 5225 31 5321 30 5417 30 5514 27 5610 26 5707 24 5803 23 5900 22 5997 21 6095 17 6192 12
cmr136_mask1,2935 1 3034 1 3231 1 3306 2 3401 2 3496 2 3589 4 3683 5 3778 6 3874 5 3969 6 4064 6 4160 6 4256 6 4351 6 4447 5 4542 6 4637 7 4732 9 4827 10 4923 10 5018 11 5113 12 5208 14 5304 14 5399 15 5494 16 5590 17 5686 16 5782 17 5878 18 5974 18 6070 19 6166 20 6262 20 6358 21 6454 23 6495 1 6550 26 6588 1 6646 28 6743 26 6840 23 6939 18 7035 17 7138 6
cmr136_mask2,3026 8 3119 14 3212 19 3308 21 3403 11 3416 11 3498 7 3515 10 3593 6 3614 8 3688 6 3711 8 3784 5 3809 8 3879 5 3906 7 3975 5 4002 8 4070 5 4099 8 4166 5 4196 7 4262 5 4293 7 4357 6 4389 7 4452 6 4486 7 4548 6 4582 7 4644 5 4678 7 4741 4 4774 7 4837 4 4870 7 4933 5 4967 6 5029 5 5062 6 5125 6 5158 6 5222 5 5254 6 5318 5 5349 7 5414 6 5444 7 5510 6 5539 8 5607 5 5635 7 5702 7 5731 7 5799 7 5826 8 5896 7 5919 10 5992 8 6012 12 6089 9 6103 16 6186 28 6282 26 6379 23 6477 18 6576 12 6674 6
cmr136_mask3,3414 2 3505 10 3599 15 3694 17 3789 20 3884 22 3980 22 4075 24 4171 25 4267 26 4363 26 4458 28 4554 28 4649 29 4745 29 4841 29 4938 29 5034 28 5131 27 5227 27 5323 26 5420 24 5516 23 5612 23 5709 22 5806 20 5903 16 6000 12 6098 5
cmr137_mask1,3226 1 3964 1 4059 1 4154 2 4250 2 4345 3 4441 3 4537 3 4633 3 4729 4 4824 5 4920 5 5016 5 5111 7 5207 7 5302 8 5398 9 5494 9 5590 10 5685 11 5781 12 5877 13 5973 14 6069 14 6164 16 6260 17 6357 18 6453 21 6549 22 6645 25 6678 1 6741 24 6837 23 6934 21 7031 19 7127 19 7223 17 7321 12 7421 6
cmr137_mask2,2827 9 2919 15 3013 19 3108 21 3203 23 3298 27 3393 16 3416 5 3488 15 3513 6 3584 12 3611 5 3678 13 3709 3 3774 12 3805 4 3869 12 3902 3 3965 11 3998 4 4060 11 4095 4 4156 11 4191 4 4252 10 4287 5 4348 10 4384 4 4444 10 4481 3 4540 9 4576 4 4636 9 4673 3 4733 8 4769 3 4829 8 4865 3 4925 9 4961 3 5021 9 5058 2 5118 8 5154 1 5214 9 5249 2 5310 9 5344 3 5407 9 5439 5 5503 10 5535 4 5600 10 5631 4 5696 10 5726 5 5793 11 5820 6 5890 11 5915 6 5987 12 6007 10 6083 29 6180 27 6277 25 6375 22 6474 17 6571 13 6670 8
cmr137_mask3,3409 7 3503 10 3596 15 3691 18 3786 19 3881 21 3976 22 4071 24 4167 24 4262 25 4358 26 4454 27 4549 27 4645 28 4741 28 4837 28 4934 27 5030 28 5126 28 5223 26 5319 25 5416 23 5513 22 5610 21 5706 20 5804 16 5901 14 5999 8
cmr138_mask1,3964 1 4059 2 4155 2 4251 1 4347 1 4634 1 4730 1 4826 1 4921 2 5018 1 5113 3 5209 4 5305 4 5401 5 5497 6 5592 8 5688 9 5785 9 5881 10 5977 11 6073 11 6169 13 6266 13 6362 15 6459 18 6558 10 6656 5
cmr138_mask2,3017 10 3111 14 3205 18 3299 21 3394 24 3489 27 3584 29 3678 32 3774 32 3869 34 3965 34 4061 35 4157 19 4182 10 4252 18 4279 9 4348 17 4376 9 4443 18 4473 8 4539 16 4569 8 4635 15 4665 7 4731 14 4761 7 4827 14 4857 7 4923 14 4953 8 5019 14 5049 8 5116 14 5144 8 5213 13 5240 8 5309 15 5335 8 5406 15 5430 9 5503 14 5525 9 5600 15 5620 10 5697 28 5794 27 5891 25 5988 22 6084 21 6182 18 6279 15 6377 11 6479 3
cmr138_mask3,4176 6 4270 9 4365 11 4461 12 4555 14 4650 15 4745 16 4841 16 4937 16 5033 16 5130 14 5226 14 5324 11 5421 9 5517 8 5615 5
cmr139_mask1,2445 1 2456 1 2750 1 3297 1 3583 1 3678 1 3774 1 3869 2 3965 2 4061 2 4157 2 4252 3 4348 2 4393 1 4444 2 4539 4 4634 5 4730 5 4825 6 4921 6 5016 8 5113 7 5208 10 5304 10 5400 10 5496 10 5592 11 5688 11 5784 12 5880 13 5976 14 6073 14 6169 15 6266 16 6363 16 6460 23 6557 22 6654 17 6751 2
cmr139_mask2,2446 10 2540 15 2635 18 2728 22 2822 26 2917 28 3012 14 3028 14 3107 12 3127 12 3202 12 3225 11 3298 11 3323 9 3392 11 3420 9 3488 10 3517 9 3584 10 3615 8 3679 10 3711 8 3775 9 3808 8 3871 8 3905 7 3967 8 4002 7 4063 7 4099 6 4159 7 4195 6 4255 7 4292 5 4350 8 4388 5 4446 8 4483 7 4543 7 4579 7 4639 8 4675 7 4735 9 4771 8 4831 9 4866 9 4927 10 4962 8 5024 10 5057 9 5120 10 5153 8 5218 9 5248 9 5314 11 5343 9 5410 12 5438 10 5506 15 5533 11 5603 36 5699 35 5796 33 5893 31 5990 28 6087 27 6184 24 6282 21 6379 19 6483 4
cmr139_mask3,3026 2 3119 8 3214 11 3309 14 3403 17 3498 19 3594 21 3689 22 3784 24 3879 26 3975 27 4070 29 4166 29 4262 30 4358 30 4454 29 4550 29 4647 28 4744 27 4840 26 4937 25 5034 23 5130 23 5227 21 5325 18 5422 16 5521 12
cmr140_mask1,2446 2 2451 2 2538 1 2551 1 2649 1 2941 1 3038 1 3296 1 4060 1 4102 1 4156 1 4252 1 4348 1 4444 1 4540 1 4637 1 4733 1 4829 1 4925 2 4965 1 5022 1 5118 2 5214 3 5310 3 5407 4 5503 5 5600 4 5697 4 5795 3 5892 3 5990 3 6087 3 6184 3 6281 4 6379 3
cmr140_mask2,2448 3 2539 12 2633 16 2727 21 2822 23 2916 25 3011 27 3106 30 3201 32 3297 33 3391 17 3412 15 3487 14 3511 13 3582 14 3608 12 3678 13 3705 11 3774 13 3802 11 3869 14 3899 10 3965 13 3997 9 4061 13 4093 9 4157 13 4190 9 4253 14 4286 9 4349 14 4382 9 4445 14 4477 10 4541 14 4573 10 4638 14 4669 10 4734 15 4764 10 4830 17 4859 11 4927 16 4954 11 5023 21 5048 13 5120 37 5217 35 5313 35 5411 33 5508 31 5604 30 5701 29 5798 26 5895 23 5993 21 6090 19 6187 17 6285 13 6382 10 6479 8
cmr140_mask3,3408 4 3501 10 3596 12 3691 14 3787 15 3883 16 3978 19 4074 19 4170 20 4267 19 4363 19 4459 18 4555 18 4652 17 4749 15 4847 12 4943 11 5044 4
cmr141_mask1,3043 1 3140 1 3203 1 3237 1 3295 5 3390 5 3485 6 3579 8 3674 9 3769 10 3863 12 3959 12 4054 13 4150 14 4198 1 4245 15 4341 16 4437 16 4532 18 4628 18 4724 18 4820 18 4916 18 5012 18 5060 1 5108 18 5204 19 5300 20 5396 22 5492 23 5588 24 5631 1 5685 24 5726 1 5781 26 5820 1 5877 28 5915 2 5973 33 6008 3 6070 29 6167 28 6263 25 6360 23 6456 22 6552 22 6649 8 6658 10 6747 8 6756 7 6843 14 6940 10 7038 3
cmr141_mask2,2350 12 2444 16 2538 20 2632 24 2727 13 2744 10 2822 10 2843 8 2918 7 2941 6 3013 7 3037 6 3108 6 3135 5 3204 5 3232 5 3300 5 3328 6 3395 5 3425 5 3491 4 3521 6 3587 4 3617 6 3683 5 3714 5 3779 5 3810 5 3875 5 3906 5 3971 5 4002 5 4067 6 4098 5 4164 5 4194 4 4260 6 4290 4 4357 5 4386 4 4453 5 4482 4 4550 5 4577 5 4646 5 4673 5 4742 6 4767 7 4838 6 4862 7 4934 7 4958 7 5030 8 5053 7 5126 10 5148 8 5223 10 5244 7 5320 10 5338 9 5418 10 5433 9 5515 21 5612 19 5709 17 5807 13 5905 10 6006 2
cmr141_mask3,2740 4 2832 11 2925 16 3020 17 3114 21 3209 23 3305 23 3400 25 3495 26 3591 26 3688 26 3784 26 3880 26 3976 26 4073 25 4169 25 4266 24 4362 24 4458 24 4555 22 4651 22 4748 19 4844 18 4941 17 5038 15 5136 12 5233 11 5330 8 5428 5
cmr142_mask1,3393 2 3487 4 3582 4 3678 4 3773 4 3867 6 3963 6 4058 7 4154 6 4249 8 4345 8 4441 8 4536 9 4632 9 4728 9 4824 9 4920 9 5016 9 5057 1 5112 10 5208 10 5304 11 5343 1 5400 12 5438 1 5496 14 5533 2 5592 15 5628 2 5688 15 5722 3 5785 15 5817 3 5882 15 5910 6 5979 16 6008 3 6075 19 6172 17 6269 15 6366 9 6378 1 6463 1 6465 1
cmr142_mask2,2446 7 2539 14 2633 20 2727 23 2823 24 2918 25 3013 27 3109 28 3204 30 3299 31 3395 32 3491 32 3586 34 3682 14 3698 18 3777 12 3796 16 3873 10 3893 15 3969 11 3990 14 4065 10 4086 14 4160 11 4183 13 4257 10 4279 13 4353 11 4375 13 4449 11 4471 13 4545 12 4566 14 4641 12 4662 14 4737 13 4757 14 4833 15 4852 15 4929 16 4947 15 5025 32 5122 31 5218 30 5315 28 5412 26 5510 23 5607 21 5703 19 5800 17 5897 13 5995 10
cmr142_mask3,3696 2 3789 7 3883 10 3980 10 4075 11 4171 12 4267 12 4364 11 4460 11 4557 9 4653 9 4750 7 4848 4 4945 2
cmr143_mask1,2817 1 4158 1 4254 1 4347 5 4443 5 4539 5 4635 6 4730 8 4826 8 4922 9 5019 10 5115 10 5211 11 5307 12 5403 13 5499 15 5595 16 5692 18 5711 5 5717 1 5788 24 5885 22 5982 20 6078 18 6174 17 6271 14 6369 10 6467 5
cmr143_mask2,2346 14 2440 18 2534 22 2629 23 2723 7 2741 9 2818 7 2839 8 2913 7 2938 5 3008 7 3035 5 3103 6 3133 4 3199 6 3230 3 3294 6 3327 3 3390 6 3423 3 3486 5 3519 4 3582 4 3615 4 3678 4 3711 4 3773 5 3807 4 3870 4 3904 4 3966 4 3999 5 4062 5 4095 4 4159 5 4191 4 4255 5 4287 4 4352 5 4383 4 4448 6 4478 5 4544 6 4573 5 4641 6 4669 5 4738 6 4764 5 4834 7 4859 6 4931 7 4955 5 5029 5 5050 5 5125 9 5143 7 5222 23 5319 21 5416 20 5514 16 5611 13 5710 1 5716 1
cmr143_mask3,2730 11 2825 14 2920 18 3015 20 3109 24 3205 25 3300 27 3396 27 3491 28 3586 29 3682 29 3778 29 3874 30 3970 29 4067 28 4164 27 4260 27 4357 26 4454 24 4550 23 4647 22 4744 20 4841 18 4938 17 5034 16 5134 9
cmr144_mask1,4253 2 4349 2 4446 2 4542 4 4638 4 4734 4 4830 4 4926 5 5022 5 5118 7 5214 7 5310 8 5407 8 5505 9 5602 9 5699 9 5796 10 5895 1 5898 3
cmr144_mask2,2444 11 2536 16 2629 20 2723 24 2818 10 2830 13 2913 10 2930 10 3008 10 3027 10 3103 10 3125 9 3199 9 3223 7 3295 8 3319 8 3390 9 3416 8 3486 8 3512 8 3582 8 3608 8 3677 9 3705 8 3774 8 3801 8 3870 7 3897 8 3966 8 3994 7 4062 8 4089 8 4158 8 4185 8 4255 8 4281 8 4351 8 4377 8 4448 8 4472 8 4546 7 4567 9 4642 8 4662 9 4738 9 4758 9 4834 28 4931 27 5027 26 5125 23 5221 22 5318 20 5415 19 5514 14 5611 11 5708 6
cmr144_mask3,2828 2 2923 7 3018 9 3113 12 3208 15 3303 16 3399 17 3494 18 3590 18 3686 19 3782 19 3877 20 3974 20 4070 19 4166 19 4263 18 4359 18 4456 16 4553 14 4650 12 4747 11
cmr145_mask1,3396 6 3489 9 3584 11 3680 13 3776 15 3871 15 3967 15 4062 16 4103 1 4158 15 4253 16 4349 16 4444 16 4540 16 4636 16 4732 15 4828 15 4924 15 5020 15 5067 1 5116 15 5212 15 5309 13 5405 14 5451 1 5502 13 5598 13 5694 13 5791 12 5888 12 5929 1 5988 8 6086 6 6120 1 6183 6 6284 1 6782 2
cmr145_mask2,3512 5 3604 15 3699 17 3792 21 3886 25 3982 25 4078 12 4091 12 4173 9 4190 10 4269 8 4288 9 4365 8 4386 8 4460 8 4484 6 4556 8 4580 6 4652 8 4677 6 4747 8 4773 6 4843 8 4870 5 4939 8 4966 6 5035 8 5062 5 5131 8 5158 5 5227 8 5254 6 5322 9 5350 6 5419 8 5446 5 5515 8 5541 6 5611 8 5636 7 5707 9 5732 7 5803 9 5828 6 5900 9 5923 6 5996 10 6016 9 6092 28 6189 27 6285 26 6382 24 6479 21 6576 20 6674 16 6772 10 6784 1
cmr145_mask3,4090 1 4182 8 4277 11 4373 13 4468 16 4564 16 4660 17 4755 18 4851 19 4947 19 5043 19 5139 19 5235 19 5331 19 5427 19 5523 18 5619 17 5716 16 5812 16 5909 14 6006 10
cmr146_mask1,3397 6 3492 7 3587 9 3683 12 3778 12 3873 13 3969 11 4064 12 4160 11 4256 10 4352 9 4448 9 4544 9 4640 9 4736 10 4832 10 4927 11 5024 10 5120 10 5217 9 5314 7 5410 7 5507 7 5604 6 5701 5 5801 1 5898 1 6493 4 6589 4 6672 2 6678 12 6770 12 6868 12 6967 9 7063 8 7159 2
cmr146_mask2,3509 8 3602 14 3696 18 3790 22 3886 23 3980 26 4076 26 4171 28 4266 29 4361 31 4457 13 4473 15 4553 12 4571 13 4649 12 4668 12 4746 10 4765 12 4842 10 4861 12 4938 10 4958 11 5034 10 5054 11 5130 10 5149 12 5226 10 5245 12 5321 12 5340 13 5417 13 5434 14 5514 30 5610 30 5706 30 5802 29 5899 27 5995 26 6091 25 6187 24 6284 22 6381 20 6478 15 6575 14 6674 4
cmr146_mask3,4470 3 4565 6 4661 7 4756 9 4852 9 4948 10 5044 10 5140 9 5236 9 5333 7 5430 4
cmr147_mask1,1381 3 1484 2 1946 1 2805 1 2901 1 3189 1 3285 1 3380 2 3475 4 3571 4 3667 4 3763 4 3859 4 3955 5 4051 5 4147 5 4243 5 4338 7 4434 8 4530 8 4626 9 4722 10 4818 11 4915 11 5011 12 5107 15 5203 18 5298 21 5393 20 5489 19 5585 18 5682 15 5778 14 5882 2
cmr147_mask2,1472 12 1567 17 1661 20 1756 24 1851 26 1947 28 2042 29 2137 31 2232 18 2256 9 2327 14 2354 8 2422 13 2451 7 2518 11 2549 5 2614 10 2646 5 2710 9 2742 5 2806 8 2839 5 2902 8 2935 5 2997 8 3031 5 3093 8 3127 6 3190 6 3223 6 3286 7 3319 6 3382 7 3415 5 3479 6 3511 5 3575 6 3607 4 3671 6 3703 4 3767 6 3799 4 3863 7 3894 4 3960 6 3990 4 4056 6 4085 4 4152 7 4180 4 4248 7 4276 3 4345 7 4371 4 4442 7 4466 5 4538 8 4560 6 4635 9 4655 7 4732 12 4748 8 4829 23 4926 21 5023 19 5122 14 5221 8
cmr147_mask3,2250 6 2341 13 2435 16 2529 20 2624 22 2719 23 2814 25 2910 25 3005 26 3101 26 3196 27 3293 26 3389 26 3485 26 3581 26 3677 26 3773 26 3870 24 3966 24 4062 23 4159 21 4255 21 4352 19 4449 17 4546 14 4644 11 4744 4
cmr148_mask1,2614 1 2805 1 3860 2 3956 2 4053 2 4149 2 4245 3 4341 3 4436 5 4531 6 4627 7 4723 9 4820 8 4917 8 5014 9 5111 10 5207 11 5305 8 5402 5
cmr148_mask2,1575 1 1665 11 1760 14 1854 17 1949 20 2043 23 2138 26 2233 27 2328 30 2423 31 2519 32 2615 32 2710 14 2733 11 2806 12 2830 9 2901 12 2926 10 2997 11 3023 9 3093 10 3120 8 3188 10 3216 8 3284 10 3312 8 3381 9 3409 7 3477 10 3505 6 3573 10 3600 7 3669 10 3696 7 3765 11 3792 7 3862 10 3887 8 3958 10 3982 9 4055 10 4077 9 4151 11 4173 8 4248 11 4268 9 4344 12 4362 10 4441 27 4537 26 4634 25 4732 22 4828 21 4925 19 5023 16 5121 11 5221 4
cmr148_mask3,2724 9 2818 12 2913 13 3008 15 3103 17 3198 18 3294 18 3390 19 3487 18 3583 17 3679 17 3776 16 3872 15 3968 14 4065 12 4162 11 4259 9 4356 6
cmr149_mask1,3962 1 4057 2 4152 3 4247 4 4343 4 4439 5 4534 6 4629 7 4724 9 4820 9 4915 11 5011 11 5107 13 5203 13 5298 14 5394 15 5491 15 5587 17 5684 17 5780 19 5877 21 5974 26 6070 25 6166 24 6262 22 6359 19 6457 16 6555 3 6559 7 6657 3
cmr149_mask2,2250 11 2343 17 2437 21 2532 24 2627 26 2722 28 2817 16 2837 10 2912 10 2936 8 3007 9 3034 7 3102 8 3131 6 3198 6 3227 7 3293 6 3324 6 3389 5 3419 8 3484 5 3517 6 3580 5 3613 6 3676 5 3710 5 3771 5 3805 5 3867 5 3902 5 3963 5 3998 5 4059 5 4094 5 4155 5 4190 4 4251 6 4286 4 4347 6 4381 5 4444 6 4477 5 4540 6 4572 6 4636 7 4668 6 4733 6 4763 6 4829 7 4858 7 4926 7 4953 7 5022 9 5048 8 5120 10 5142 8 5216 12 5236 10 5312 29 5409 28 5506 25 5604 21 5701 20 5799 15 5898 10
cmr149_mask3,2833 4 2922 14 3016 18 3110 21 3204 23 3299 25 3394 25 3489 28 3585 28 3681 29 3776 29 3872 30 3968 30 4064 30 4160 30 4257 29 4353 28 4450 27 4546 26 4643 25 4739 24 4836 22 4933 20 5031 17 5130 12 5228 8
cmr150_mask1,2708 1 2716 2 2803 2 2810 4 2896 4 2906 5 2992 3 3001 6 3087 2 3098 5 3194 4 3290 3 3386 3 3482 3 3578 3 3675 1 4444 1 4540 1 4636 1 4731 2 4825 5 4921 5 5017 5 5112 7 5208 8 5305 7 5401 7 5499 6 5596 7 5693 6 5792 6 5888 10 5899 1 5986 8
cmr150_mask2,2346 7 2438 15 2532 19 2626 23 2721 25 2817 27 2912 28 3007 30 3103 31 3198 33 3293 34 3389 35 3485 35 3581 35 3676 13 3694 18 3772 11 3792 16 3868 11 3890 14 3964 10 3988 12 4060 10 4084 11 4156 10 4180 11 4252 11 4277 10 4348 11 4373 11 4445 10 4469 10 4541 10 4564 11 4637 11 4660 11 4733 12 4755 11 4830 15 4848 14 4926 31 5022 31 5119 29 5216 28 5312 26 5408 26 5505 23 5603 20 5699 19 5798 14 5898 1 5903 1
cmr150_mask3,3689 5 3783 9 3879 11 3974 14 4070 14 4166 14 4263 14 4359 14 4455 14 4551 13 4648 12 4745 10 4845 3
cmr151_mask1,3107 1 3202 1 3297 1 3391 3 3484 1 3486 2 3579 5 3674 6 3770 5 3866 5 3962 5 4056 6 4152 6 4247 7 4342 8 4438 8 4534 8 4629 10 4725 9 4820 10 4916 11 5011 12 5107 12 5203 12 5299 12 5394 13 5490 13 5586 14 5682 15 5778 16 5874 17 5970 17 6066 18 6163 18 6261 6 6268 3 6272 7 6358 3 6365 2 6371 2
cmr151_mask2,2541 8 2634 13 2648 3 2728 22 2823 24 2917 27 3012 29 3108 31 3203 12 3223 13 3298 11 3321 11 3394 9 3417 12 3489 9 3515 10 3584 9 3613 9 3680 8 3710 8 3775 9 3806 9 3871 9 3903 8 3967 9 3999 9 4062 10 4095 9 4158 9 4192 8 4254 9 4289 7 4350 9 4385 8 4446 9 4481 8 4542 9 4577 8 4639 9 4673 9 4734 10 4769 9 4830 10 4864 10 4927 9 4961 9 5023 10 5056 10 5119 10 5152 9 5215 11 5247 10 5311 12 5342 11 5407 13 5437 12 5503 14 5531 13 5600 15 5625 14 5697 15 5719 16 5794 35 5891 33 5987 32 6084 30 6181 29 6279 26 6377 23 6474 21 6572 17 6672 9
cmr151_mask3,3215 8 3309 12 3403 14 3498 17 3593 20 3688 22 3784 22 3880 23 3976 23 4072 23 4167 25 4263 26 4359 26 4455 26 4551 26 4648 25 4744 25 4840 24 4936 25 5033 23 5129 23 5226 21 5323 19 5420 17 5517 14 5615 10 5712 7
cmr152_mask1,1041 1 1136 3 3582 1 3677 2 3772 3 3868 2 3963 3 4058 4 4154 4 4250 4 4346 4 4442 4 4538 5 4633 6 4728 6 4824 7 4920 6 5015 8 5112 8 5208 8 5304 8 5400 7 5497 7 5593 8 5689 9 5786 8 5882 8 5979 9 6077 2 6080 4
cmr152_mask2,2635 12 2728 20 2823 23 2917 26 3012 28 3107 30 3201 33 3297 34 3392 36 3487 14 3502 2 3507 17 3583 14 3605 15 3679 12 3703 14 3775 11 3799 15 3870 12 3896 14 3966 12 3993 13 4062 12 4090 12 4158 12 4186 12 4254 12 4283 12 4350 13 4379 13 4446 12 4476 12 4543 12 4572 12 4639 12 4668 13 4734 13 4764 13 4831 13 4859 14 4926 15 4955 14 5023 14 5051 14 5120 14 5147 13 5216 14 5242 14 5312 16 5336 16 5407 20 5430 17 5504 39 5601 37 5698 36 5794 35 5890 33 5988 29 6084 29 6183 24 6280 22 6377 19 6478 12 6578 2
cmr152_mask3,3501 1 3504 3 3597 8 3691 12 3786 13 3882 14 3978 15 4074 16 4170 16 4266 17 4363 16 4458 18 4555 17 4651 17 4747 17 4844 15 4941 14 5037 14 5134 13 5230 12 5328 8 5427 3
cmr153_mask1,2909 4 3004 4 3098 5 3193 5 3288 5 3383 6 3478 6 3573 6 3668 7 3764 6 3805 1 3860 6 3955 7 4050 8 4146 8 4241 9 4337 8 4384 1 4433 8 4529 8 4625 8 4720 9 4816 9 4912 9 5008 9 5104 9 5200 9 5296 10 5392 10 5488 10 5584 10 5680 10 5776 11 5872 12 5968 12 6064 13 6161 13 6257 14 6354 14 6450 16 6547 17 6646 14 6674 1 6743 11 6765 2 6841 7
cmr153_mask2,2633 1 2724 11 2818 16 2913 19 3008 22 3103 8 3118 9 3198 7 3215 9 3293 8 3312 9 3389 7 3411 7 3484 7 3508 7 3579 7 3605 7 3675 6 3703 6 3770 6 3801 4 3866 6 3897 5 3962 6 3994 5 4058 6 4090 6 4154 6 4186 6 4250 5 4283 5 4345 6 4379 5 4441 6 4476 5 4537 5 4572 5 4633 5 4668 5 4729 5 4764 6 4825 5 4860 5 4921 5 4956 5 5017 5 5052 5 5113 5 5148 5 5209 6 5243 6 5306 6 5339 6 5402 6 5434 6 5498 6 5529 7 5594 7 5625 7 5690 8 5721 6 5787 8 5815 8 5884 8 5908 10 5980 8 6003 11 6077 9 6096 13 6174 10 6189 15 6271 28 6368 26 6466 23 6564 18 6661 13 6761 4
cmr153_mask3,3111 7 3205 10 3301 11 3396 15 3491 17 3586 19 3681 22 3776 25 3872 25 3968 26 4064 26 4160 26 4255 28 4351 28 4447 29 4542 30 4638 30 4734 30 4830 30 4926 30 5022 30 5118 30 5215 28 5312 27 5408 26 5504 25 5601 24 5698 23 5795 20 5892 16 5988 15 6086 10 6184 5
cmr154_mask1,2911 6 3006 5 3100 5 3196 4 3291 4 3385 5 3480 5 3575 6 3670 6 3766 6 3861 6 3957 6 3997 1 4053 6 4149 4 4245 5 4286 1 4341 5 4437 5 4532 5 4628 5 4723 6 4820 6 4863 1 4916 6 4959 1 5012 6 5109 5 5205 5 5301 6 5397 6 5493 6 5590 6 5687 6 5783 6 5880 5 5977 5 6074 5 6171 4 6268 4 6393 1 6488 1 6672 6 6766 1 6768 4 6858 8
cmr154_mask2,2823 7 2917 12 3011 16 3105 20 3200 9 3213 9 3295 9 3312 7 3390 8 3408 8 3485 8 3506 7 3581 7 3603 7 3676 7 3700 7 3772 6 3797 7 3867 6 3893 8 3963 6 3990 7 4059 5 4087 7 4153 7 4183 7 4250 6 4279 7 4346 6 4375 8 4442 6 4471 8 4537 6 4568 7 4633 6 4664 7 4729 7 4760 7 4826 6 4856 7 4922 5 4952 7 5018 5 5048 7 5114 6 5143 8 5210 6 5240 7 5307 5 5335 8 5403 5 5431 8 5499 7 5526 8 5596 6 5621 9 5693 6 5716 10 5789 8 5810 12 5885 10 5905 13 5982 9 5997 16 6079 11 6092 17 6175 29 6272 27 6368 25 6464 24 6561 22 6658 14 6755 11 6767 1 6856 2
cmr154_mask3,3209 4 3304 8 3398 10 3493 13 3588 15 3683 17 3778 19 3873 20 3969 21 4064 23 4160 23 4256 23 4352 23 4448 23 4543 25 4639 25 4736 24 4832 24 4927 25 5023 25 5120 23 5216 24 5312 23 5408 23 5506 20 5602 19 5699 17 5797 13 5895 10 5991 6 6090 2
cmr155_mask1,4050 3 4145 3 4239 5 4335 4 4431 5 4527 5 4622 6 4719 5 4819 1 5109 1 5205 1 5301 3 5397 3 5493 5 5589 6 5686 6 5783 6 5879 6 5975 7 6072 7 6168 8 6265 9 6361 10 6460 10 6557 12 6653 21 6750 15 6849 3 6853 7 6953 1
cmr155_mask2,2628 11 2722 18 2817 21 2912 25 3006 9 3016 1 3022 12 3101 7 3119 12 3196 7 3220 8 3290 6 3317 8 3385 6 3414 8 3480 5 3511 8 3575 6 3608 7 3671 5 3705 7 3766 5 3803 5 3861 6 3899 6 3957 6 3995 6 4053 5 4091 6 4148 6 4187 7 4244 5 4283 7 4339 6 4379 7 4436 5 4475 7 4532 6 4571 7 4628 6 4667 7 4724 6 4763 7 4820 7 4858 8 4916 7 4954 8 5013 6 5050 8 5110 6 5146 7 5206 6 5242 7 5304 5 5338 7 5400 5 5434 6 5498 3 5530 6 5595 4 5625 6 5692 3 5721 5 5789 3 5817 5 5885 4 5913 4 5982 8 6007 5 6079 8 6101 6 6176 10 6195 8 6274 24 6371 21 6470 16 6569 11
cmr155_mask3,3015 1 3017 5 3108 11 3203 17 3296 21 3391 23 3485 26 3581 27 3676 29 3771 32 3867 32 3963 32 4058 33 4154 33 4249 34 4345 34 4441 34 4538 33 4634 33 4730 33 4827 31 4923 31 5019 31 5116 30 5212 30 5309 29 5405 29 5501 29 5599 26 5695 26 5792 25 5889 24 5990 17 6087 14 6186 9
cmr156_mask1,2639 1 3957 1 4051 3 4143 6 4235 10 4331 10 4427 10 4522 10 4618 11 4714 10 4811 9 4908 8 5004 8 5100 8 5196 9 5292 3 5296 5 5592 1 5689 1 5785 2 5882 3 5980 2 6011 1 6077 3 6173 4 6202 1 6270 6 6368 5 6466 5 6472 1 6563 7 6667 1
cmr156_mask2,2530 10 2626 13 2721 18 2816 22 2911 11 2923 13 3006 6 3013 1 3021 12 3101 5 3119 11 3196 5 3220 7 3290 7 3316 8 3385 7 3413 8 3481 5 3509 8 3576 5 3606 8 3671 6 3702 8 3766 6 3799 8 3862 6 3895 9 3958 5 3991 9 4054 5 4087 9 4149 6 4184 9 4245 5 4280 9 4341 5 4377 8 4437 5 4473 8 4532 7 4568 9 4629 6 4664 9 4724 8 4760 9 4820 8 4856 9 4916 9 4953 8 5012 9 5049 8 5108 9 5145 7 5205 8 5241 7 5301 9 5338 6 5397 9 5434 5 5495 8 5530 5 5593 7 5625 6 5690 7 5721 5 5787 6 5815 6 5885 6 5908 9 5982 29 6080 27 6177 25 6276 21 6373 19 6471 1 6473 13 6570 10 6669 6
cmr156_mask3,2922 1 3012 1 3014 7 3106 13 3201 19 3297 19 3392 21 3486 23 3581 25 3677 25 3772 27 3868 27 3963 28 4059 28 4155 29 4250 30 4346 31 4442 31 4539 29 4635 29 4732 28 4828 28 4925 28 5021 28 5117 28 5213 28 5310 28 5406 28 5503 27 5600 25 5697 24 5793 22 5891 17
cmr157_mask1,1674 8 1765 17 1858 21 1951 25 2046 27 2141 28 2237 31 2332 33 2428 33 2524 32 2560 1 2620 30 2716 26 2812 22 2908 19 3004 18 3047 1 3100 17 3196 16 3240 1 3293 14 3389 14 3485 14 3581 13 3678 12 3774 11 3871 9 3967 8 4063 8 4160 6 4256 6 4353 5 4449 5 4546 5 4643 4 4739 5 4836 4 4932 2 4935 1 5032 1 5128 1 5224 1 5321 1 5417 1 5514 1 5737 1 5998 1 6194 1
cmr157_mask2,2461 2 2556 4 2650 8 2742 13 2834 9 2847 6 2927 10 2944 6 3022 9 3041 6 3117 8 3138 6 3212 8 3235 5 3307 7 3333 4 3403 7 3430 3 3499 6 3527 3 3594 6 3623 4 3690 6 3719 4 3785 6 3815 5 3880 7 3911 5 3975 8 4007 5 4071 8 4103 5 4166 8 4199 5 4262 8 4295 5 4358 8 4392 4 4454 8 4487 5 4551 6 4583 5 4647 7 4679 5 4744 6 4775 5 4840 6 4871 5 4936 6 4967 5 5033 5 5063 5 5129 6 5159 4 5225 7 5255 4 5322 6 5350 5 5418 6 5445 6 5515 6 5540 7 5611 8 5635 7 5707 9 5731 6 5804 11 5825 8 5901 12 5917 11 5999 24 6096 22 6195 18 6293 15 6392 8 6402 1 6493 2
cmr157_mask3,2843 4 2937 7 3031 10 3125 13 3220 15 3314 19 3410 20 3505 22 3600 23 3696 23 3791 24 3887 24 3983 24 4079 24 4174 25 4270 25 4366 26 4462 25 4557 26 4654 25 4750 25 4846 25 4942 25 5038 25 5135 24 5232 23 5328 22 5424 21 5521 19 5619 16 5716 15 5815 10 5913 4
cmr158_mask1,2060 3 2154 7 2162 2 2248 15 2342 21 2437 20 2464 1 2532 19 2628 16 2723 15 2819 14 2915 12 3011 11 3107 11 3203 9 3299 8 3396 7 3492 7 3588 6 3684 5 3780 5 3876 4 3973 3 4070 2 4263 1 4359 1 4455 1 4744 1 4937 1 5518 1 5809 1 6009 1
cmr158_mask2,2363 3 2457 7 2551 11 2644 15 2738 18 2833 8 2846 8 2927 7 2944 7 3022 7 3042 5 3118 6 3139 5 3212 8 3236 4 3307 7 3334 3 3403 7 3430 4 3499 6 3527 3 3594 7 3623 4 3689 7 3719 4 3785 7 3815 5 3880 8 3911 5 3976 8 4007 5 4072 8 4103 5 4167 9 4199 5 4264 8 4295 5 4360 8 4391 5 4456 8 4486 6 4552 8 4582 6 4648 8 4677 7 4745 8 4773 7 4841 8 4868 7 4938 9 4963 8 5034 10 5058 9 5131 11 5153 9 5227 14 5248 9 5324 15 5342 11 5421 28 5519 25 5615 24 5712 22 5811 18 5908 15 6010 8 6108 2
cmr158_mask3,2841 5 2934 10 3029 13 3124 15 3220 16 3314 20 3410 20 3505 22 3601 22 3696 23 3792 23 3888 23 3984 23 4080 23 4176 23 4272 23 4368 23 4464 22 4560 22 4656 21 4753 20 4849 19 4947 16 5044 14 5142 11 5241 7 5339 3
cmr159_mask1,3866 1 3962 2 4057 4 4152 5 4248 5 4343 7 4439 8 4535 8 4631 9 4727 10 4778 1 4780 3 4823 11 4871 6 4919 11 4969 4 5015 12 5066 2 5111 14 5207 15 5303 18 5399 19 5495 21 5592 24 5617 2 5688 28 5784 28 5880 26 5976 25 6073 23 6169 21 6266 20 6362 19 6460 12 6556 11 6653 7
cmr159_mask2,1869 8 1962 13 2056 17 2150 23 2244 25 2339 10 2351 15 2434 7 2455 7 2529 6 2553 6 2623 5 2650 6 2718 6 2747 6 2813 6 2844 5 2907 7 2941 5 3003 6 3038 5 3098 6 3135 4 3194 5 3232 4 3290 5 3328 4 3386 4 3424 4 3482 4 3521 4 3578 4 3617 4 3674 3 3713 4 3770 4 3809 4 3867 3 3905 4 3964 3 4001 4 4061 3 4096 4 4157 3 4192 4 4253 4 4288 4 4350 5 4383 5 4447 4 4478 5 4543 5 4574 5 4640 5 4668 7 4737 5 4763 7 4834 8 4858 8 4930 11 4954 7 5027 14 5048 9 5125 13 5143 9 5222 25 5321 21 5418 16 5516 12 5616 1 5619 4
cmr159_mask3,2349 2 2441 14 2535 18 2628 22 2724 23 2819 25 2914 27 3009 29 3104 31 3199 33 3295 33 3390 34 3486 35 3582 35 3677 36 3774 35 3870 35 3967 34 4064 32 4160 32 4257 31 4355 28 4451 27 4548 26 4645 23 4742 21 4842 16 4941 13 5041 7 5138 5
cmr160_mask1,1873 1 3523 1 3867 2 3962 3 4058 4 4099 1 4153 6 4195 1 4248 7 4344 8 4439 9 4535 10 4631 11 4727 11 4823 12 4919 12 5015 14 5112 13 5208 14 5305 15 5401 15 5497 17 5593 23 5689 26 5786 23 5881 22 5978 20 6074 19 6170 16 6266 16 6363 14 6462 6 6561 1
cmr160_mask2,1872 1 1874 2 1963 11 2058 14 2153 19 2247 22 2341 25 2436 15 2452 10 2530 11 2551 8 2626 9 2649 6 2721 8 2746 6 2816 7 2843 5 2911 6 2941 4 3007 5 3037 4 3103 5 3133 5 3198 6 3230 5 3294 6 3327 4 3389 6 3423 4 3485 6 3520 3 3581 6 3616 4 3677 6 3712 4 3773 5 3808 4 3869 7 3904 4 3965 7 3999 5 4062 8 4095 4 4159 8 4191 4 4255 9 4286 5 4352 9 4382 5 4448 10 4477 5 4545 10 4572 6 4642 11 4667 7 4738 12 4762 8 4835 12 4857 8 4931 14 4951 10 5029 28 5125 27 5222 25 5320 21 5416 21 5514 18 5616 8
cmr160_mask3,2451 1 2541 10 2635 14 2729 17 2823 20 2917 24 3012 25 3108 25 3204 26 3300 27 3395 28 3491 29 3587 29 3683 29 3778 30 3876 28 3972 27 4070 25 4167 24 4264 22 4361 21 4458 19 4555 17 4653 14 4750 12 4847 10 4945 6
cmr161_mask1,3478 4 3487 1 3573 11 3668 11 3764 11 3807 1 3860 11 3953 13 4047 15 4144 14 4240 14 4336 13 4432 14 4528 14 4624 15 4719 16 4815 1 4817 14 4913 15 5009 16 5106 15 5201 17 5297 17 5393 18 5488 20 5585 21 5681 22 5777 23 5874 24 5971 27 6068 29 6164 25 6261 21 6358 14 6456 3
cmr161_mask2,2827 8 2920 14 3013 19 3108 22 3202 25 3297 27 3393 8 3410 11 3488 8 3508 10 3584 6 3607 8 3679 7 3704 7 3775 6 3800 7 3871 6 3897 7 3966 6 3993 7 4062 6 4089 8 4158 6 4186 7 4254 6 4282 7 4349 7 4378 7 4446 7 4474 7 4542 7 4570 7 4639 7 4666 7 4735 7 4762 7 4831 7 4858 6 4928 7 4954 6 5025 7 5049 7 5121 8 5145 7 5218 8 5240 8 5314 9 5335 8 5411 10 5430 9 5508 12 5523 11 5606 23 5703 21 5800 19 5898 16 5998 9 6097 2
cmr161_mask3,3401 9 3496 12 3590 17 3686 18 3781 19 3877 20 3972 21 4068 21 4164 22 4260 22 4356 22 4453 21 4549 21 4646 20 4742 20 4838 20 4935 19 5032 17 5129 16 5226 14 5323 12 5421 9 5520 3
cmr162_mask1,3483 1 3577 3 3672 4 3768 4 3863 5 3958 5 4052 7 4147 8 4243 8 4339 8 4435 8 4532 7 4629 7 4725 7 4821 8 4917 9 5012 10 5108 10 5203 12 5299 12 5395 14 5493 13 5592 11 5688 13 5785 14 5883 14
cmr162_mask2,2725 15 2819 18 2913 22 3009 23 3104 26 3198 28 3293 30 3389 31 3484 11 3500 16 3580 9 3598 15 3676 8 3695 14 3772 7 3792 14 3868 7 3889 13 3963 8 3986 12 4059 8 4082 12 4155 8 4179 11 4251 8 4276 10 4347 8 4372 10 4443 9 4468 10 4539 9 4564 10 4636 9 4660 10 4732 9 4756 9 4829 9 4852 9 4926 8 4948 9 5022 9 5044 8 5118 11 5139 9 5215 11 5233 10 5311 27 5409 25 5506 22 5603 20 5701 17 5799 13 5897 9 5996 3
cmr162_mask3,3495 5 3589 9 3684 11 3779 13 3875 14 3971 15 4067 15 4163 16 4259 17 4355 17 4452 16 4548 16 4645 15 4741 15 4838 14 4934 14 5031 13 5129 10 5226 7
cmr163_mask1,2922 4 3015 2 3109 1 3122 1 3201 1 3390 1 3485 1 5206 2 5302 2 5398 4 5493 5 5589 5 5685 5 5781 5 5877 6 5973 7 6070 6 6166 7 6262 8 6358 9 6388 1 6454 11 6482 1 6550 13 6575 2 6647 15 6743 23 6840 21 6936 19 7032 18 7127 18 7224 16 7319 14 7416 13 7513 11 7611 6
cmr163_mask2,3017 8 3110 12 3202 19 3296 23 3391 11 3405 11 3486 7 3505 8 3580 7 3603 7 3675 6 3701 5 3770 5 3797 6 3866 4 3895 5 3960 6 3991 5 4056 5 4088 4 4152 4 4184 5 4248 4 4280 5 4343 5 4376 5 4439 4 4472 5 4535 3 4568 5 4631 2 4664 6 4726 3 4760 6 4822 2 4856 6 4919 1 4952 5 5014 1 5048 5 5110 1 5144 5 5239 5 5334 6 5402 1 5430 6 5498 3 5524 7 5594 4 5620 6 5690 5 5715 6 5786 5 5811 6 5883 5 5906 6 5980 6 6001 7 6076 7 6097 6 6173 9 6191 7 6270 23 6367 21 6465 17 6563 12 6662 8
cmr163_mask3,3402 3 3493 12 3587 16 3681 20 3775 22 3870 25 3966 25 4061 27 4156 28 4252 28 4348 28 4443 29 4538 30 4633 31 4729 31 4824 32 4920 32 5015 33 5111 33 5208 31 5304 30 5403 27 5501 23 5598 22 5695 20 5791 20 5888 18 5986 15 6083 14 6182 9
cmr164_mask1,3109 1 3200 1 3295 1 3864 1 4055 1 4150 1 4571 1 4667 1 5687 1 5784 1 5880 1 5977 1 6073 4 6169 4 6265 8 6361 8 6457 9 6555 9 6651 15 6668 3 6748 17 6846 13 6943 11 7041 7
cmr164_mask2,3110 8 3201 16 3296 19 3390 23 3484 26 3580 27 3675 8 3692 12 3769 6 3776 1 3791 10 3865 5 3889 9 3960 5 3986 8 4056 4 4083 7 4151 5 4180 7 4247 5 4276 7 4343 5 4372 8 4439 4 4469 7 4535 4 4565 6 4630 5 4661 6 4726 5 4758 6 4822 5 4854 6 4918 5 4950 6 5014 5 5046 7 5110 5 5141 7 5206 5 5237 7 5302 6 5333 7 5399 5 5428 7 5495 6 5524 6 5591 7 5619 6 5688 7 5715 6 5785 7 5810 7 5881 8 5905 7 5978 9 5999 8 6077 9 6091 11 6173 25 6273 19 6369 18 6466 16 6564 13 6666 2
cmr164_mask3,3683 9 3775 1 3777 14 3870 19 3965 21 4060 23 4156 24 4252 24 4348 24 4443 26 4539 26 4635 26 4731 27 4827 27 4923 27 5019 27 5115 26 5211 26 5308 25 5404 24 5501 23 5598 21 5695 20 5792 18 5889 16 5987 12 6086 5
cmr165_mask1,2248 12 2340 18 2434 22 2529 24 2623 29 2717 31 2812 31 2907 27 3003 24 3098 23 3139 1 3194 23 3236 1 3290 21 3386 20 3482 18 3579 16 3675 15 3771 14 3867 13 3964 12 4060 12 4158 9 4254 9 4351 8 4447 8 4491 1 4544 7 4587 1 4642 4 4738 4 4837 1 4933 1 5258 1 6483 1 6487 2
cmr165_mask2,2748 2 2843 4 2934 11 3027 7 3036 6 3121 7 3135 4 3217 6 3232 4 3311 5 3329 4 3406 4 3426 4 3500 5 3522 5 3595 5 3621 2 3690 5 3717 3 3785 6 3814 3 3880 6 3910 4 3976 6 4006 4 4072 6 4102 4 4167 7 4198 5 4263 6 4294 5 4359 6 4391 4 4455 5 4486 5 4551 5 4582 5 4646 5 4678 5 4742 5 4774 5 4838 5 4870 5 4934 5 4965 6 5030 6 5061 6 5126 6 5157 6 5222 6 5252 6 5319 5 5348 6 5416 5 5443 7 5512 6 5538 7 5608 7 5633 8 5705 8 5727 9 5801 10 5823 9 5898 11 5917 10 5995 27 6091 25 6188 23 6286 19 6384 14 6400 1
cmr165_mask3,3034 2 3128 7 3223 9 3316 13 3410 16 3505 17 3600 21 3695 22 3791 23 3886 24 3982 24 4078 24 4174 24 4269 25 4365 26 4460 26 4556 26 4651 27 4747 27 4843 27 4939 26 5036 25 5132 25 5228 24 5324 24 5421 22 5518 20 5615 18 5713 14 5811 12 5909 8
cmr166_mask1,2351 2 2446 3 2540 8 2551 1 2633 9 2728 9 2823 9 2918 8 3013 8 3108 9 3204 7 3300 7 3395 8 3491 8 3586 8 3682 7 3778 6 3874 6 3970 6 4067 5 4163 4 4260 4 4357 2 4453 2 4550 1 5806 1 6002 1
cmr166_mask2,2548 3 2642 11 2737 14 2832 16 2926 20 3021 10 3038 5 3117 7 3135 5 3211 9 3233 4 3307 6 3330 3 3403 6 3427 3 3499 5 3524 3 3594 5 3620 3 3689 6 3717 3 3784 6 3813 3 3880 6 3909 4 3976 6 4005 4 4072 6 4101 5 4167 8 4197 5 4264 7 4293 5 4359 8 4388 6 4455 8 4483 7 4551 8 4580 6 4647 9 4675 7 4743 10 4771 7 4839 10 4866 8 4936 11 4961 8 5032 12 5056 9 5128 16 5150 11 5224 32 5322 30 5418 29 5515 28 5611 28 5709 24 5807 21 5904 18 6003 13 6100 8
cmr166_mask3,3031 7 3124 11 3220 13 3313 17 3409 18 3504 20 3599 21 3695 22 3790 23 3886 23 3982 23 4078 23 4175 22 4271 22 4367 21 4463 20 4559 21 4656 19 4753 18 4849 17 4947 14 5044 12 5144 6
cmr167_mask1,2438 1 2440 2 2543 1 3668 1 3764 2 3859 2 3955 2 4051 2 4147 2 4242 4 4338 4 4434 4 4529 5 4625 5 4720 8 4816 8 4912 8 5008 8 5104 9 5200 10 5296 10 5392 11 5489 11 5585 12 5681 13 5777 14 5874 14 5909 1 5970 15 6067 18 6163 21 6260 21 6357 19 6453 19 6550 17 6648 15 6745 10 6843 5
cmr167_mask2,2439 1 2530 13 2623 19 2717 23 2812 6 2829 8 2906 7 2928 6 3001 5 3026 4 3096 5 3123 4 3191 5 3220 4 3287 4 3317 4 3382 4 3414 4 3478 3 3510 5 3573 4 3608 3 3669 3 3705 3 3766 2 3801 3 3861 3 3897 3 3957 3 3993 4 4053 3 4089 4 4149 3 4186 3 4246 3 4282 3 4342 3 4378 3 4438 3 4474 3 4534 4 4569 3 4630 5 4665 3 4728 3 4760 4 4824 4 4856 3 4920 4 4952 3 5016 5 5047 4 5113 4 5143 4 5210 4 5238 5 5306 5 5333 5 5403 6 5428 5 5500 6 5523 6 5597 6 5618 6 5694 6 5712 7 5791 8 5805 9 5888 21 5985 19 6085 12 6184 6
cmr167_mask3,2818 11 2913 15 3006 20 3101 22 3196 24 3291 26 3386 28 3481 29 3577 31 3672 33 3768 33 3864 33 3960 33 4056 33 4152 34 4249 33 4345 33 4441 33 4538 31 4635 30 4731 29 4828 28 4924 28 5021 26 5117 26 5214 24 5311 22 5409 19 5506 17 5603 15 5700 12 5799 6
cmr168_mask1,2538 2 2639 1 3221 1 3318 1 3415 1 3512 1 3574 1 3670 1 3765 2 3861 2 3956 3 4052 2 4147 3 4242 4 4338 4 4434 4 4530 4 4626 5 4722 5 4818 5 4915 4 5011 6 5107 7 5203 8 5239 1 5300 8 5396 8 5493 9 5590 9 5686 9 5782 11 5879 11 5903 1 5976 13 6072 19 6170 14 6269 9 6367 1
cmr168_mask2,2533 5 2625 14 2719 18 2814 20 2908 11 2921 10 3003 6 3023 5 3097 6 3121 4 3193 5 3217 4 3288 5 3314 4 3384 4 3410 5 3479 4 3507 5 3575 4 3603 6 3671 3 3700 6 3767 3 3796 6 3863 3 3893 5 3959 3 3989 5 4054 4 4085 6 4150 3 4181 6 4246 4 4277 5 4342 5 4373 5 4438 5 4468 6 4534 5 4563 7 4631 5 4659 7 4727 6 4754 8 4823 7 4850 7 4919 7 4945 8 5017 6 5040 8 5114 5 5135 9 5211 6 5230 9 5308 6 5325 10 5404 8 5420 10 5502 23 5599 21 5695 20 5793 16 5890 13 5989 9
cmr168_mask3,2919 2 3009 14 3103 18 3198 19 3293 21 3388 22 3483 24 3579 24 3674 26 3770 26 3866 27 3962 27 4058 27 4153 28 4250 27 4347 26 4443 25 4539 24 4636 23 4733 21 4830 20 4926 19 5023 17 5119 16 5217 13 5314 11 5412 8
cmr169_mask1,1148 1 3295 9 3388 11 3482 12 3577 12 3672 12 3766 14 3860 15 3953 17 4049 17 4144 17 4194 1 4240 17 4335 18 4431 18 4484 1 4527 18 4580 1 4623 18 4719 17 4815 18 4868 1 4912 17 5008 17 5104 17 5199 18 5296 16 5392 2 5396 12 5488 16 5588 13 5685 12 5781 12 5877 12 5972 13 6067 3 6071 12 6163 1 6168 11 6264 13 6361 14 6458 14 6558 7
cmr169_mask2,3117 8 3211 13 3304 19 3399 21 3494 8 3509 8 3589 7 3608 6 3684 7 3706 5 3780 6 3803 5 3875 6 3900 4 3970 6 3997 4 4066 5 4093 5 4161 6 4190 4 4257 5 4286 5 4353 5 4383 5 4449 5 4479 5 4545 5 4576 4 4641 5 4672 5 4736 6 4768 5 4833 4 4864 4 4929 4 4960 4 5025 4 5056 4 5121 4 5152 4 5217 4 5247 5 5312 6 5343 4 5408 6 5438 5 5504 7 5534 5 5601 6 5630 4 5697 6 5723 7 5793 7 5817 8 5889 8 5913 7 5985 9 6006 9 6083 8 6098 2 6101 9 6179 10 6192 13 6277 22 6375 17 6472 14 6570 11
cmr169_mask3,3502 7 3596 12 3691 15 3786 17 3881 19 3976 21 4071 22 4167 23 4262 24 4358 25 4454 25 4550 26 4646 26 4742 26 4837 27 4933 27 5029 27 5125 27 5221 26 5318 25 5414 24 5511 23 5607 23 5703 20 5800 17 5897 16 5994 12 6091 7 6100 1 6189 3
cmr170_mask1,3297 7 3305 2 3316 1 3391 11 3483 14 3577 14 3672 13 3767 13 3862 14 3957 15 4052 15 4149 14 4243 15 4340 13 4439 10 4535 10 4631 10 4727 10 4823 9 4919 9 5015 9 5111 9 5207 10 5303 10 5399 10 5496 9 5593 10 5690 8 5787 8 5884 7 5983 5 6082 4 6182 1
cmr170_mask2,3307 9 3402 14 3497 17 3591 21 3685 24 3780 26 3876 27 3972 11 3987 13 4067 10 4084 12 4163 9 4181 11 4258 9 4278 11 4353 9 4375 10 4449 9 4472 9 4545 9 4568 9 4641 9 4665 8 4737 9 4761 8 4832 10 4857 8 4928 9 4953 8 5024 10 5048 8 5120 10 5144 7 5217 10 5238 8 5313 10 5333 9 5409 10 5426 12 5505 12 5519 14 5603 25 5698 26 5795 24 5891 22 5988 21 6086 18 6183 14 6283 9
cmr170_mask3,3983 4 4077 7 4172 9 4267 11 4362 13 4458 14 4554 14 4650 15 4746 15 4842 15 4937 16 5034 14 5130 14 5227 11 5323 10 5419 7 5517 2
cmr171_mask1,3600 1 3621 1 3694 2 3786 4 3881 5 3975 6 4070 7 4160 12 4254 14 4349 14 4444 15 4539 16 4634 17 4729 18 4825 18 4919 20 5015 20 5110 21 5206 22 5301 23 5397 23 5493 22 5589 22 5686 21 5782 21 5878 22 5974 23 6070 23 6166 24 6262 25 6358 26 6454 27 6550 28 6647 31 6743 32 6840 31 6936 29 7032 27 7129 14 7146 1
cmr171_mask2,3413 10 3507 16 3601 20 3696 10 3709 10 3790 7 3808 7 3886 5 3906 7 3981 5 4003 7 4077 4 4101 6 4172 4 4198 7 4268 3 4296 5 4363 3 4393 5 4459 3 4490 4 4555 3 4587 4 4651 3 4684 4 4747 3 4781 3 4843 4 4878 3 4939 4 4974 3 5035 4 5070 3 5131 4 5166 3 5228 3 5262 3 5324 4 5357 4 5420 5 5453 4 5515 6 5549 4 5611 6 5645 4 5707 7 5741 4 5803 7 5835 5 5900 7 5931 5 5997 6 6025 6 6093 7 6121 6 6190 7 6214 1 6216 6 6287 8 6308 9 6384 8 6404 8 6481 11 6494 13 6578 22 6678 16 6775 13 6873 5
cmr171_mask3,3706 3 3797 11 3891 15 3986 17 4081 20 4176 22 4271 25 4366 27 4462 28 4558 29 4654 30 4750 31 4847 31 4943 31 5039 31 5135 31 5231 31 5328 29 5425 28 5521 28 5617 28 5714 27 5810 25 5907 24 6003 22 6100 21 6197 17 6215 1 6295 13 6392 12 6492 2
cmr172_mask1,4170 5 4262 9 4356 11 4451 12 4545 13 4640 14 4735 14 4830 15 4879 1 4926 15 5022 15 5118 15 5213 16 5309 15 5405 16 5501 16 5597 16 5693 16 5789 16 5838 1 5885 16 5981 17 6079 15 6174 17 6270 18 6366 20 6462 21 6559 21 6655 26 6752 5 6758 17 6849 1 6855 9 6867 2
cmr172_mask2,3611 3 3704 9 3797 16 3892 19 3986 22 4080 25 4175 28 4271 11 4285 15 4367 8 4384 12 4463 6 4482 11 4558 6 4579 11 4654 7 4676 10 4749 6 4773 10 4845 6 4871 8 4941 6 4968 8 5037 6 5064 8 5133 7 5160 8 5229 7 5256 8 5324 8 5351 9 5421 7 5447 9 5517 8 5543 9 5613 8 5638 10 5709 9 5734 9 5805 9 5829 9 5901 11 5925 9 5998 11 6018 11 6094 12 6110 15 6191 29 6288 27 6386 22 6483 20 6580 17 6681 5
cmr172_mask3,4282 3 4375 9 4469 13 4564 15 4661 15 4755 18 4851 20 4947 21 5043 21 5140 20 5236 20 5332 19 5428 19 5525 18 5621 17 5718 16 5814 15 5912 13 6009 9 6106 4
cmr173_mask1,3097 1 3190 4 3285 4 3381 4 3477 4 3572 6 3668 6 3764 6 3859 7 3955 7 4050 9 4146 9 4242 10 4338 10 4433 12 4529 12 4625 13 4721 14 4817 15 4914 16 5009 18 5106 19 5202 28 5298 27 5394 26 5490 25 5587 23 5683 21 5780 19 5876 18 5972 16 6069 13 6165 12 6263 7 6360 4
cmr173_mask2,1865 5 1958 10 2051 16 2145 20 2239 23 2334 8 2350 9 2429 8 2448 8 2524 7 2546 8 2619 7 2644 7 2715 5 2741 6 2810 5 2838 5 2906 4 2934 5 3002 4 3031 4 3098 4 3127 5 3194 4 3223 5 3289 5 3319 5 3385 5 3416 4 3481 5 3512 4 3578 4 3608 4 3674 4 3703 5 3770 4 3799 5 3866 5 3895 4 3962 5 3990 5 4059 5 4086 5 4155 6 4181 5 4252 6 4276 6 4348 6 4372 5 4445 6 4467 6 4541 7 4561 7 4638 8 4656 7 4735 11 4749 9 4832 21 4930 18 5027 16 5125 11
cmr173_mask3,2342 8 2437 11 2531 15 2626 18 2720 21 2815 23 2910 24 3006 25 3102 25 3198 25 3294 25 3390 26 3486 26 3582 26 3678 25 3774 25 3871 24 3967 23 4064 22 4161 20 4258 18 4354 18 4451 16 4548 13 4646 10 4746 3
cmr174_mask1,983 1 1079 1 3097 1 3192 2 3286 4 3382 3 3478 3 3574 3 3670 3 3765 5 3861 5 3956 6 4051 7 4147 7 4242 9 4338 9 4434 10 4530 12 4626 13 4723 13 4819 14 4916 14 5012 17 5109 19 5205 20 5302 18 5398 17 5494 15 5590 13 5688 10 5788 5
cmr174_mask2,1962 2 2054 9 2147 14 2241 18 2335 22 2430 24 2525 25 2620 27 2716 9 2732 12 2811 8 2830 11 2907 7 2928 9 3002 7 3025 9 3098 7 3121 9 3194 6 3218 8 3290 6 3314 8 3385 7 3411 7 3481 7 3507 7 3577 7 3603 7 3673 7 3698 8 3770 7 3794 8 3866 7 3890 8 3962 8 3985 8 4058 9 4080 9 4154 10 4175 9 4251 10 4270 10 4347 14 4364 11 4444 27 4542 24 4639 22 4736 20 4833 18 4930 14 5029 10 5128 4
cmr174_mask3,2725 7 2819 11 2914 14 3009 16 3105 16 3200 18 3296 18 3392 19 3488 19 3584 19 3680 18 3777 17 3873 17 3970 15 4067 13 4164 11 4261 9 4361 3
cmr175_mask1,3504 1 3525 1 3598 2 3691 3 3785 4 3880 5 3974 7 4064 12 4158 14 4253 14 4348 15 4443 16 4539 16 4633 18 4729 18 4824 19 4919 20 5014 21 5110 22 5205 23 5301 23 5397 22 5493 22 5590 21 5686 21 5782 22 5878 23 5974 23 6070 24 6166 25 6262 26 6358 27 6454 28 6551 31 6647 32 6744 32 6840 29 6936 27 7034 12 7050 1
cmr175_mask2,3318 8 3410 17 3505 20 3600 10 3614 9 3694 7 3712 8 3789 6 3810 7 3885 5 3907 7 3981 4 4005 6 4076 5 4102 7 4172 3 4200 5 4267 3 4297 5 4363 3 4394 4 4459 3 4491 4 4555 3 4588 4 4651 3 4685 3 4747 4 4782 3 4843 4 4878 3 4939 4 4974 3 5035 4 5070 3 5132 3 5166 3 5228 4 5261 4 5324 5 5357 4 5419 6 5453 4 5515 6 5549 4 5611 7 5645 4 5707 7 5740 4 5804 7 5835 5 5901 6 5930 5 5997 7 6025 6 6094 7 6120 6 6191 8 6212 9 6288 8 6308 8 6385 11 6399 12 6482 23 6582 16 6679 13 6777 6
cmr175_mask3,3610 4 3701 11 3795 15 3890 17 3985 20 4081 21 4175 25 4270 27 4366 28 4462 29 4558 30 4654 31 4751 31 4847 31 4943 31 5039 31 5135 31 5232 29 5329 28 5425 28 5521 28 5618 27 5714 26 5811 24 5907 23 6004 21 6101 19 6199 13 6296 12 6396 3
cmr176_mask1,4074 4 4165 10 4260 11 4355 11 4450 12 4544 14 4590 1 4639 14 4734 15 4830 15 4926 15 5022 15 5117 16 5213 16 5309 16 5405 16 5501 16 5597 16 5693 16 5742 1 5789 16 5885 17 5982 16 6078 17 6174 17 6270 20 6366 21 6462 22 6559 25 6656 5 6662 17 6753 1 6759 3 6763 3 6771 2
cmr176_mask2,3515 4 3606 1 3608 10 3700 17 3796 19 3890 22 3985 24 4079 28 4175 11 4189 15 4271 8 4288 13 4366 7 4386 11 4462 6 4484 10 4558 6 4580 10 4653 6 4677 10 4749 6 4775 9 4845 6 4872 8 4941 6 4969 7 5037 7 5064 8 5133 7 5160 8 5229 7 5255 9 5325 7 5351 9 5421 8 5447 9 5517 8 5542 10 5613 9 5638 9 5709 9 5733 9 5805 11 5826 11 5902 11 5920 13 5998 12 6014 15 6095 29 6191 28 6290 21 6387 20 6484 17 6584 6
cmr176_mask3,4186 3 4279 9 4373 13 4468 16 4564 16 4659 18 4755 20 4851 21 4947 22 5044 20 5140 20 5236 19 5332 19 5429 18 5525 17 5622 16 5718 15 5816 10 5913 7 6010 4
cmr177_mask1,3870 1 3966 2 4062 2 4156 4 4252 5 4348 5 4443 6 4539 7 4634 9 4730 9 4826 10 4923 10 5019 10 5115 12 5211 13 5306 16 5401 20 5430 2 5496 23 5524 2 5592 29 5687 28 5783 27 5879 27 5975 25 6071 24 6167 23 6263 22 6359 20 6455 19 6551 18 6647 16 6744 13 6841 10 6937 9 7035 3
cmr177_mask2,2253 6 2346 13 2440 17 2535 20 2629 9 2644 8 2724 8 2743 6 2819 7 2839 7 2914 7 2938 4 3010 5 3035 4 3105 5 3131 5 3200 5 3228 4 3296 4 3325 4 3391 4 3422 3 3487 4 3518 3 3583 4 3614 3 3679 4 3710 3 3775 4 3806 3 3871 5 3902 4 3968 4 3998 4 4064 5 4094 4 4160 5 4190 4 4257 4 4286 3 4353 5 4381 4 4449 5 4477 4 4546 5 4572 5 4643 6 4667 6 4739 7 4762 6 4836 7 4857 6 4933 8 4951 8 5029 25 5127 22 5224 19 5322 15 5421 9 5519 5
cmr177_mask3,2638 6 2732 11 2826 13 2921 17 3015 20 3110 21 3205 23 3300 25 3395 27 3491 27 3587 27 3683 27 3779 27 3876 26 3972 26 4069 25 4165 25 4261 25 4358 23 4454 23 4551 21 4649 18 4746 16 4843 14 4941 10
cmr178_mask1,2717 3 2722 3 2812 4 2818 3 2907 6 2914 2 3003 3 3007 4 3099 1 3103 4 3199 3 3231 1 3296 2 3392 2 4064 1 4160 2 4256 2 4351 3 4447 4 4543 5 4640 5 4735 7 4831 8 4927 9 5023 10 5049 1 5119 12 5144 1 5214 14 5239 1 5310 16 5331 5 5406 25 5502 25 5599 22 5695 18 5791 17 5887 16 5983 15 6079 1 6081 11 6177 9 6273 6
cmr178_mask2,2348 9 2441 14 2536 18 2631 21 2726 22 2821 24 2916 26 3011 27 3107 12 3123 12 3202 11 3221 10 3298 9 3319 9 3394 8 3416 8 3489 8 3512 9 3585 7 3609 8 3681 7 3705 8 3777 7 3801 8 3873 8 3897 8 3969 8 3993 8 4065 9 4088 8 4162 8 4183 9 4258 9 4279 9 4354 11 4373 10 4451 28 4548 26 4645 25 4742 23 4839 21 4936 19 5033 16 5131 13 5228 11 5326 5
cmr178_mask3,3119 4 3213 8 3307 12 3402 14 3497 15 3592 17 3688 17 3784 17 3881 16 3977 16 4074 14 4170 13 4267 12 4365 8
cmr179_mask1,2047 1 2049 1 2055 1 2518 3 2549 1 2613 4 2707 5 2802 5 2840 1 2897 5 2992 6 3088 6 3183 7 3279 7 3373 9 3469 9 3564 10 3660 10 3756 10 3852 10 3948 9 4043 11 4139 11 4235 11 4284 1 4331 11 4380 1 4427 11 4523 11 4620 11 4716 11 4811 12 4907 13 5003 13 5100 13 5196 15 5292 15 5388 16 5485 16 5581 17 5678 19 5775 20 5807 1 5871 24 5967 27 6063 26 6160 24 6257 20 6354 18 6451 16 6547 15 6644 11 6742 7 6839 5
cmr179_mask2,2048 1 2053 2 2056 2 2141 20 2236 22 2330 25 2425 28 2521 6 2540 9 2617 5 2639 8 2712 5 2736 8 2807 5 2833 7 2902 5 2929 9 2998 5 3027 8 3094 5 3124 7 3190 4 3220 7 3286 3 3317 7 3382 3 3414 6 3478 4 3510 7 3574 4 3607 6 3670 4 3703 6 3766 5 3799 6 3862 5 3896 5 3957 6 3992 5 4054 6 4088 5 4150 6 4184 5 4246 6 4280 4 4342 6 4376 4 4438 6 4472 4 4534 7 4568 4 4631 6 4662 5 4727 7 4758 5 4823 8 4853 6 4920 7 4949 5 5016 8 5045 4 5113 9 5139 6 5211 8 5232 8 5307 9 5327 8 5404 13 5422 8 5501 24 5598 23 5697 17 5795 12 5895 6
cmr179_mask3,2527 13 2622 17 2717 19 2812 21 2907 22 3003 24 3099 25 3194 26 3289 28 3385 29 3482 28 3578 29 3674 29 3771 28 3867 29 3963 29 4060 28 4156 28 4252 28 4348 28 4444 28 4541 27 4637 25 4734 24 4831 22 4927 22 5024 21 5122 17 5219 13 5316 11 5417 5
cmr180_mask1,2620 1 2902 3 2995 5 3091 4 3187 3 3282 4 3378 4 3473 5 3568 6 3664 6 3759 7 3853 9 3947 11 4043 10 4138 11 4235 10 4280 1 4331 10 4427 10 4523 11 4567 1 4620 10 4716 10 4813 11 4909 11 4949 1 5005 11 5102 10 5199 10 5295 13 5331 1 5391 13 5426 1 5487 15 5521 1 5584 16 5681 18 5708 2 5778 23 5875 20 5972 17 6072 11
cmr180_mask2,2434 12 2527 16 2621 19 2715 22 2809 25 2905 26 3000 30 3095 12 3110 16 3190 10 3209 13 3286 9 3306 13 3382 9 3404 12 3478 8 3500 12 3574 8 3597 11 3670 8 3694 11 3766 8 3790 11 3862 9 3886 11 3958 9 3983 10 4053 10 4079 10 4149 10 4175 9 4245 11 4271 9 4341 11 4367 9 4437 12 4462 10 4534 12 4558 9 4630 12 4653 10 4726 12 4748 10 4824 12 4843 11 4920 15 4938 11 5016 29 5112 29 5209 28 5308 23 5404 22 5502 19 5600 16 5699 9 5801 2
cmr180_mask3,3107 3 3200 9 3295 11 3391 13 3486 14 3582 15 3678 16 3774 16 3871 15 3967 16 4063 16 4159 16 4256 15 4352 15 4449 13 4546 12 4642 11 4738 10 4836 7 4935 3
cmr181_mask1,3496 1 3583 1 3678 2 3695 1 3772 1 3962 1 4725 1 4820 2 4916 2 5011 3 5107 3 5202 4 5298 4 5394 5 5490 5 5586 6 5682 6 5779 6 5874 7 5971 7 6067 7 6163 8 6259 10 6356 10 6452 11 6549 13 6645 15 6661 2 6664 1 6741 19 6838 17 6934 17 7031 3
cmr181_mask2,3584 14 3680 15 3773 20 3868 23 3963 10 3975 1 3978 9 4058 7 4075 9 4153 6 4174 7 4248 6 4271 7 4344 5 4369 5 4439 5 4465 5 4535 4 4561 5 4631 4 4658 4 4726 5 4754 5 4822 5 4850 5 4918 4 4947 4 5014 5 5043 4 5110 5 5139 4 5206 5 5235 4 5302 5 5331 4 5399 5 5426 5 5495 6 5521 6 5592 5 5617 6 5688 6 5712 6 5785 5 5807 6 5881 6 5902 7 5978 7 5996 8 6074 7 6091 8 6171 9 6187 7 6269 20 6366 19 6463 16 6562 12 6660 1 6663 1 6665 2
cmr181_mask3,3973 2 3976 2 4065 10 4159 15 4254 17 4349 20 4444 21 4539 22 4635 23 4731 23 4827 23 4922 25 5019 24 5115 24 5211 24 5307 24 5404 22 5501 20 5597 20 5694 18 5790 17 5887 15 5985 11 6081 10 6180 7
cmr182_mask1,3586 2 3691 2 3774 1 3964 1 4059 1 4154 1 4822 1 4918 1 5013 2 5109 2 5205 2 5301 1 5397 2 5493 2 5589 3 5685 3 5715 1 5781 3 5876 5 5973 4 6069 4 6165 6 6260 8 6287 1 6356 10 6382 1 6453 10 6549 12 6568 2 6645 18 6742 15 6838 15 6935 12 7031 11 7128 8 7226 5
cmr182_mask2,3588 5 3680 11 3776 14 3869 20 3965 21 4060 23 4155 25 4250 26 4345 11 4360 13 4440 11 4458 11 4536 9 4555 10 4632 8 4652 9 4728 7 4749 9 4823 7 4845 9 4919 7 4941 9 5015 7 5037 8 5111 7 5133 8 5207 7 5229 8 5302 8 5324 9 5399 8 5420 9 5495 8 5515 9 5592 9 5611 9 5688 10 5706 9 5784 12 5799 12 5881 26 5977 25 6073 25 6171 22 6268 19 6366 16 6463 15 6561 7
cmr182_mask3,4356 4 4451 7 4545 10 4640 12 4735 14 4830 15 4926 15 5022 15 5118 15 5214 15 5310 14 5407 13 5503 12 5601 10 5698 8 5796 3
cmr183_mask1,3305 1 3400 2 3494 4 3589 5 3683 7 3779 6 3873 8 3967 10 4061 12 4156 13 4251 14 4346 15 4442 15 4537 16 4633 16 4728 19 4824 19 4920 20 5016 20 5112 20 5208 21 5304 21 5400 23 5496 24 5592 25 5618 1 5688 28 5784 30 5881 31 5977 31 6074 30 6170 30 6266 29 6363 28 6460 26 6556 24 6653 20 6749 20 6846 15 6943 12 7040 10 7137 8 7234 6
cmr183_mask2,2454 12 2547 18 2640 22 2735 10 2746 13 2829 9 2848 8 2924 8 2946 6 3019 6 3044 6 3115 5 3141 5 3210 5 3238 5 3306 4 3335 3 3402 3 3432 3 3498 3 3528 4 3594 2 3625 3 3690 2 3721 3 3785 2 3817 3 3881 3 3914 2 3977 3 4010 3 4073 3 4106 2 4169 3 4202 2 4265 3 4297 4 4361 4 4393 3 4457 4 4488 4 4553 5 4584 4 4649 5 4679 5 4747 4 4774 6 4843 5 4870 5 4940 5 4966 5 5036 5 5061 5 5132 7 5156 6 5229 7 5250 7 5325 9 5343 1 5346 6 5423 25 5520 23 5617 1 5619 19 5716 16 5814 8
cmr183_mask3,2745 1 2838 10 2932 14 3025 19 3120 21 3215 23 3310 25 3405 27 3501 27 3596 29 3692 29 3787 30 3884 30 3980 30 4076 30 4172 30 4268 29 4365 28 4461 27 4558 26 4654 25 4751 23 4848 22 4945 21 5041 20 5139 17 5236 14 5334 9 5344 2
cmr184_mask1,2551 3 2558 1 2644 1 2755 1 2853 1 3592 3 3686 5 3781 6 3875 8 3967 12 4062 13 4158 13 4253 14 4349 14 4445 13 4540 14 4636 14 4732 15 4828 15 4924 16 5020 17 5116 18 5212 19 5308 20 5404 22 5500 24 5597 24 5629 2 5693 27 5789 26 5885 25 5981 24 6078 23 6174 22 6271 20 6368 18 6464 17 6561 14 6659 8 6756 5
cmr184_mask2,2645 13 2738 17 2832 21 2927 23 3022 25 3117 26 3212 28 3307 12 3326 10 3402 11 3424 8 3498 10 3521 8 3595 8 3617 9 3691 7 3714 8 3787 7 3810 8 3883 6 3907 7 3979 6 4003 7 4075 6 4099 7 4171 7 4195 7 4267 7 4291 7 4363 7 4386 8 4458 9 4482 8 4554 10 4577 9 4650 11 4673 8 4747 12 4768 8 4843 15 4862 10 4940 28 5037 26 5134 24 5231 23 5328 20 5426 17 5524 13 5621 8
cmr184_mask3,3319 7 3413 11 3508 13 3603 14 3698 16 3794 16 3889 18 3985 18 4081 18 4178 17 4274 17 4370 16 4467 15 4564 13 4661 12 4759 9 4858 4
cmr185_mask1,2430 3 2520 13 2614 17 2708 19 2804 21 2899 23 2993 26 3088 28 3184 29 3279 29 3374 28 3470 27 3566 27 3661 27 3757 27 3853 26 3949 26 4045 26 4141 26 4237 26 4333 26 4429 25 4525 25 4621 25 4717 25 4813 25 4909 24 5005 24 5101 24 5197 24 5293 24 5389 25 5485 25 5581 26 5677 26 5773 26 5869 26 5965 26 6062 26 6160 24 6256 25 6351 26 6447 26 6543 27 6637 29 6733 30 6831 29 6927 29 7023 29 7120 27 7217 25 7314 23 7412 19 7509 16 7607 11
cmr185_mask2,3120 4 3213 10 3308 12 3402 15 3497 17 3593 18 3688 6 3703 5 3784 5 3800 5 3879 5 3897 5 3975 4 3995 4 4071 4 4091 5 4167 4 4188 4 4263 4 4285 3 4359 4 4381 3 4454 5 4478 1 4550 5 4574 2 4646 5 4670 2 4742 4 4767 2 4838 4 4863 2 4933 5 4959 2 5029 5 5056 2 5125 6 5151 4 5221 6 5247 4 5317 6 5343 4 5414 5 5439 4 5510 6 5535 4 5607 5 5631 4 5703 5 5726 5 5799 6 5822 4 5895 6 5917 4 5991 7 6013 4 6088 6 6108 5 6184 6 6203 5 6281 6 6299 4 6377 6 6394 3 6473 7 6489 2 6570 8 6584 3 6666 10 6677 4 6763 13 6860 12 6958 8
cmr185_mask3,3694 9 3789 11 3884 13 3979 16 4075 16 4171 17 4267 18 4363 18 4459 19 4555 19 4651 19 4746 21 4842 21 4938 21 5034 22 5131 20 5227 20 5323 20 5419 20 5516 19 5612 19 5708 18 5805 17 5901 16 5998 15 6094 14 6190 13 6287 12 6383 11 6480 9 6578 6 6676 1
cmr186_mask1,2910 4 3002 10 3097 12 3191 16 3286 18 3380 19 3475 18 3569 19 3664 19 3702 1 3759 20 3855 19 3951 18 4046 19 4142 19 4237 20 4333 19 4429 19 4525 19 4621 19 4717 19 4813 19 4909 18 5005 18 5101 18 5197 18 5293 19 5390 18 5486 19 5583 18 5680 17 5776 17 5873 17 5969 17 6066 16 6162 18 6259 17 6355 18 6452 16 6548 16 6644 15 6741 13 6842 2
cmr186_mask2,3304 9 3399 12 3493 15 3588 18 3683 19 3779 20 3874 23 3969 8 3984 9 4065 8 4081 9 4161 6 4179 8 4257 6 4276 7 4352 7 4372 7 4448 7 4468 8 4544 7 4565 6 4640 7 4661 6 4736 7 4757 6 4832 7 4853 6 4927 8 4949 6 5023 8 5045 6 5119 8 5141 6 5215 8 5237 6 5312 7 5333 6 5408 7 5428 7 5505 7 5524 7 5601 8 5619 7 5697 8 5715 7 5793 9 5810 7 5890 9 5902 10 5986 21 6082 20 6180 16 6276 15 6375 11 6473 8 6570 4
cmr186_mask3,3977 7 4073 8 4167 12 4263 13 4359 13 4455 13 4551 14 4647 14 4743 14 4839 14 4935 14 5031 14 5127 14 5223 14 5319 14 5415 13 5512 12 5609 10 5705 10 5802 8 5899 3
cmr187_mask1,2166 8 2258 14 2350 19 2444 22 2538 25 2633 26 2726 30 2819 33 2913 35 3007 37 3102 38 3196 40 3290 42 3385 43 3480 44 3575 45 3671 45 3767 44 3863 43 3959 25 3999 3 4055 23 4096 2 4151 21 4193 1 4248 19 4344 19 4441 17 4537 16 4633 16 4730 14 4826 14 4922 14 5020 12 5117 11 5214 10 5313 6 5412 3 5509 2 5606 1 5703 1 5921 1 6206 1 6395 1
cmr187_mask2,3984 15 4078 18 4172 10 4188 5 4267 8 4286 5 4363 6 4383 5 4458 6 4480 4 4553 5 4576 4 4649 4 4673 3 4744 5 4769 3 4840 4 4866 2 4936 4 4963 1 5032 3 5059 1 5128 3 5155 1 5224 3 5251 1 5319 4 5345 3 5415 4 5441 3 5511 4 5536 4 5607 4 5631 4 5704 4 5727 4 5800 5 5822 4 5897 5 5917 4 5994 5 6011 6 6091 6 6105 7 6188 18 6285 16 6382 13 6480 9
cmr187_mask3,4182 6 4275 11 4369 14 4464 16 4558 18 4653 20 4749 20 4844 22 4940 23 5035 24 5131 24 5227 24 5323 22 5419 22 5515 21 5611 20 5708 19 5805 17 5902 15 5999 12 6097 8
cmr188_mask1,2260 6 2350 13 2444 16 2539 18 2633 21 2726 24 2819 28 2914 29 3009 31 3104 32 3199 33 3294 34 3389 35 3484 35 3580 35 3675 23 3708 3 3771 20 3806 1 3867 18 3963 16 4059 16 4155 15 4252 13 4348 12 4445 11 4541 11 4639 9 4737 7 4834 5 4931 4 5030 1 5126 1 5629 1 5724 1 5902 1 5913 1 6000 1 6007 1
cmr188_mask2,3698 10 3791 15 3885 19 3979 10 3994 6 4075 8 4093 4 4170 7 4189 5 4265 6 4286 4 4360 6 4382 4 4456 6 4478 4 4552 5 4574 5 4648 5 4671 4 4744 4 4767 4 4839 5 4862 4 4935 5 4958 4 5031 5 5053 5 5127 5 5149 4 5223 6 5243 6 5320 6 5337 7 5417 6 5431 8 5514 20 5611 18 5708 16 5805 14 5903 10 6001 6
cmr188_mask3,3989 5 4083 10 4177 12 4271 15 4366 16 4462 16 4557 17 4653 18 4748 19 4844 18 4940 18 5036 17 5132 17 5229 14 5326 11 5423 8
cmr189_mask1,2421 9 2516 11 2611 13 2705 15 2801 15 2837 1 2896 21 2935 1 2991 21 3087 19 3182 20 3278 20 3374 19 3469 19 3565 19 3660 20 3757 19 3853 19 3949 18 4045 18 4141 18 4237 18 4334 17 4430 17 4526 17 4622 17 4718 18 4813 19 4909 19 5005 20 5101 20 5197 21 5293 21 5389 21 5485 21 5582 21 5678 22 5774 23 5870 24 5967 25 6063 26 6159 29 6255 29 6352 27 6448 26 6545 24 6641 23 6738 22 6834 21 6931 19 7028 16 7125 13 7222 12 7319 9
cmr189_mask2,2728 11 2822 15 2917 18 3012 4 3022 1 3026 7 3106 6 3125 5 3202 5 3222 5 3298 4 3320 4 3393 5 3418 3 3488 5 3514 3 3584 4 3611 3 3680 4 3708 3 3776 4 3804 4 3872 3 3900 4 3967 4 3997 3 4063 4 4092 4 4159 4 4188 4 4255 4 4284 4 4351 4 4381 3 4447 4 4476 4 4543 4 4572 4 4639 4 4668 5 4736 3 4764 5 4832 3 4860 4 4928 4 4955 5 5025 3 5050 6 5121 4 5146 5 5218 4 5240 6 5314 5 5336 6 5410 6 5431 6 5506 6 5524 7 5603 5 5619 7 5700 6 5713 8 5797 7 5806 8 5815 1 5894 14 5992 10 6089 6 6188 1
cmr189_mask3,3016 6 3023 3 3112 13 3207 15 3302 18 3398 20 3493 21 3588 23 3684 24 3780 24 3875 25 3971 26 4067 25 4163 25 4259 25 4355 26 4451 25 4547 25 4643 25 4739 25 4835 25 4932 23 5028 22 5125 21 5222 18 5319 17 5416 15 5512 12 5608 11 5706 7 5804 2
cmr190_mask1,2517 6 2612 9 2704 15 2799 17 2895 17 2990 18 3086 18 3181 19 3277 19 3372 20 3467 21 3563 20 3659 19 3754 20 3850 19 3946 19 3994 1 4042 19 4138 18 4235 17 4330 18 4426 18 4523 15 4621 15 4717 15 4813 14 4910 13 5006 13 5102 14 5198 14 5294 14 5390 15 5486 17 5582 17 5679 17 5775 18 5871 19 5967 19 6064 20 6160 22 6257 22 6282 1 6353 20 6450 17 6547 15 6648 10
cmr190_mask2,3111 2 3203 12 3297 18 3392 20 3488 22 3583 6 3596 12 3678 7 3696 8 3774 6 3793 8 3869 7 3891 7 3965 6 3988 6 4061 6 4085 6 4156 6 4182 5 4252 6 4279 5 4348 6 4374 6 4444 6 4470 6 4538 8 4566 5 4636 6 4661 7 4732 6 4758 6 4827 7 4853 7 4923 7 4950 6 5019 7 5045 7 5116 6 5141 7 5212 7 5236 8 5308 8 5331 8 5405 7 5426 8 5503 6 5521 9 5599 7 5616 8 5696 8 5710 9 5793 7 5804 9 5890 18 5986 16 6084 12 6182 8 6281 1
cmr190_mask3,3589 7 3685 11 3780 13 3876 15 3971 17 4067 18 4162 20 4258 21 4354 20 4450 20 4546 20 4642 19 4738 20 4834 19 4930 20 5026 19 5122 19 5219 17 5316 15 5412 14 5509 12 5606 10 5704 6 5800 4
cmr191_mask1,2522 2 2553 1 2615 6 2709 8 2748 1 2803 14 2898 17 2993 17 3088 17 3184 17 3279 18 3375 16 3470 17 3566 17 3662 17 3757 17 3853 17 3949 16 4045 16 4141 16 4236 18 4332 18 4428 18 4524 18 4620 18 4715 21 4811 21 4907 22 5003 23 5100 22 5196 23 5292 24 5343 1 5389 24 5486 24 5533 1 5582 25 5628 1 5678 26 5722 1 5775 26 5817 1 5871 27 5967 30 6063 37 6159 36 6256 35 6352 34 6448 34 6545 30 6641 29 6738 26 6834 25 6931 23 7028 19 7124 16 7221 11 7318 7
cmr191_mask2,2256 4 2347 12 2442 15 2536 17 2630 21 2725 8 2735 2 2742 6 2820 6 2840 6 2915 6 2937 6 3010 6 3034 6 3105 6 3131 6 3201 4 3228 6 3297 4 3324 6 3391 6 3421 6 3487 5 3518 5 3583 5 3614 5 3679 5 3711 5 3774 5 3807 5 3870 5 3904 5 3965 6 4000 5 4061 7 4096 5 4157 7 4192 5 4254 6 4288 5 4350 7 4384 5 4446 7 4480 5 4542 7 4576 5 4638 8 4671 6 4736 7 4766 7 4832 7 4862 6 4929 7 4957 7 5026 7 5052 7 5122 8 5147 6 5219 8 5242 7 5316 8 5336 7 5413 10 5431 7 5510 23 5607 21 5704 18 5801 16 5898 14 5997 9
cmr191_mask3,2733 2 2737 5 2826 14 2921 16 3016 18 3111 20 3205 23 3301 23 3397 24 3492 26 3588 26 3684 27 3779 28 3875 29 3971 29 4068 28 4164 28 4260 28 4357 27 4453 27 4549 27 4646 25 4743 23 4839 23 4936 21 5033 19 5130 17 5227 15 5324 12 5423 8
cmr192_mask1,2617 6 2708 12 2803 13 2818 1 2898 16 2915 1 2993 18 3088 19 3184 18 3280 17 3375 18 3471 16 3567 16 3662 17 3758 17 3854 18 3949 18 4045 17 4141 17 4237 17 4332 19 4428 19 4524 20 4620 19 4716 21 4812 22 4908 23 5005 22 5101 23 5197 24 5294 24 5341 1 5390 25 5486 26 5530 1 5583 26 5679 27 5775 28 5872 34 5968 32 6065 30 6162 29 6259 28 6355 27 6451 27 6548 26 6645 1 6647 22 6743 20 6839 19 6935 17 7026 21 7122 19 7220 15 7317 13 7414 2 7421 3
cmr192_mask2,2633 12 2728 16 2822 20 2916 23 3011 26 3107 7 3115 19 3202 8 3217 14 3297 8 3316 11 3393 6 3414 10 3487 8 3511 9 3583 8 3608 9 3679 8 3705 9 3775 8 3802 8 3872 6 3898 9 3967 7 3995 8 4062 9 4091 8 4158 10 4188 7 4254 10 4283 7 4351 10 4380 6 4447 10 4476 5 4544 10 4571 6 4639 11 4666 7 4737 10 4762 8 4834 9 4857 8 4931 11 4952 9 5027 13 5047 9 5124 15 5140 1 5142 9 5221 26 5318 23 5415 21 5512 18 5609 16 5706 14 5803 12 5906 4
cmr192_mask3,3114 1 3210 7 3305 11 3399 15 3495 16 3591 17 3687 18 3783 19 3878 20 3974 21 4071 20 4168 20 4264 19 4361 19 4457 19 4554 17 4650 16 4747 15 4843 14 4942 10 5040 7 5139 1 5141 1
cmr193_mask1,2643 1 3015 1 3110 1 3204 3 3298 4 3393 5 3488 5 3583 6 3678 7 3774 7 3869 8 3965 8 4060 9 4156 9 4251 10 4347 11 4442 12 4538 12 4634 14 4730 14 4825 15 4921 15 5017 16 5113 17 5209 17 5305 18 5401 18 5498 18 5594 19 5690 21 5786 22 5882 24 5978 26 6008 1 6074 29 6170 29 6267 26 6364 25 6460 25 6557 23 6653 22 6750 20 6847 19 6943 19 7039 18 7136 17 7232 16 7329 12 7427 9 7524 2 7528 2
cmr193_mask2,2733 15 2827 18 2921 23 3016 10 3028 12 3111 8 3129 1 3131 7 3207 4 3230 7 3302 4 3328 5 3398 4 3425 5 3493 5 3522 5 3589 5 3619 5 3685 5 3716 5 3781 4 3813 4 3877 5 3909 5 3973 5 4006 4 4069 5 4102 4 4165 5 4198 4 4261 6 4294 4 4358 5 4389 5 4454 6 4485 5 4550 6 4581 5 4648 5 4676 5 4744 5 4772 5 4840 6 4868 4 4936 6 4963 5 5033 7 5058 5 5130 6 5153 5 5226 8 5248 6 5323 8 5344 5 5419 9 5439 5 5516 10 5531 8 5613 21 5711 18 5808 16 5906 12 6004 4 6009 1
cmr193_mask3,3026 2 3119 10 3130 1 3211 19 3306 22 3402 23 3498 24 3594 25 3690 26 3785 28 3882 27 3978 28 4074 28 4170 28 4267 27 4363 26 4460 25 4556 25 4653 23 4749 23 4846 22 4942 21 5040 18 5136 17 5234 14 5331 13 5428 11 5526 5
cmr194_mask1,3019 1 3111 4 3204 6 3298 7 3393 8 3488 8 3583 9 3679 9 3774 9 3869 10 3965 11 4060 12 4156 11 4252 11 4348 11 4444 12 4540 12 4636 13 4732 13 4828 13 4924 13 5020 14 5116 15 5212 15 5308 17 5405 16 5501 18 5597 19 5617 1 5625 3 5693 21 5718 4 5789 26 5886 24 5982 23 6078 23 6174 21 6270 20 6366 20 6463 19 6559 18 6655 17 6751 17 6847 17 6944 15 7040 14 7137 12 7234 9
cmr194_mask2,2735 13 2830 15 2925 19 3020 22 3115 24 3210 9 3220 15 3305 7 3322 10 3401 6 3419 9 3496 6 3516 9 3592 6 3613 8 3688 6 3710 8 3783 7 3807 7 3879 7 3903 7 3976 6 4000 6 4072 7 4095 7 4167 8 4191 7 4263 9 4287 7 4359 9 4383 7 4456 9 4478 8 4552 10 4574 7 4649 10 4669 8 4745 11 4765 7 4841 12 4859 9 4937 13 4952 1 4955 9 5034 25 5131 24 5227 23 5325 20 5421 19 5519 16 5616 1 5618 7 5714 4
cmr194_mask3,3219 1 3312 10 3407 12 3502 14 3598 15 3694 16 3790 17 3886 17 3982 18 4079 16 4175 16 4272 15 4368 15 4465 13 4562 12 4659 10 4756 9 4853 6 4950 2 4953 2
cmr195_mask1,2156 1 2168 1 2266 1 2462 1 2723 1 2912 3 2946 1 3006 5 3043 1 3100 7 3195 7 3290 8 3385 8 3481 9 3576 9 3621 1 3672 10 3767 11 3863 11 3959 11 4055 11 4101 1 4151 11 4247 11 4343 12 4439 14 4535 15 4630 16 4726 17 4822 17 4918 18 4961 1 5014 19 5111 19 5207 20 5304 20 5400 21 5496 23 5532 1 5592 25 5688 27 5716 1 5785 28 5814 1 5880 29 5977 28 6073 28 6169 28 6265 27 6361 26 6458 23 6555 21 6654 18 6751 16 6848 13 6949 7
cmr195_mask2,2158 10 2250 16 2345 20 2440 22 2534 26 2628 13 2647 10 2724 11 2745 9 2819 9 2843 7 2915 7 2939 7 3011 6 3037 6 3107 6 3133 7 3202 6 3230 6 3298 6 3326 7 3393 6 3423 6 3490 5 3519 7 3585 6 3615 6 3682 5 3711 7 3778 5 3807 7 3874 6 3904 6 3970 6 4000 6 4066 6 4096 5 4162 7 4192 5 4258 7 4287 6 4355 7 4383 6 4453 5 4478 6 4550 4 4573 7 4646 5 4669 7 4743 6 4764 7 4839 7 4859 7 4936 8 4954 7 5033 9 5049 8 5130 22 5227 20 5324 18 5421 16 5519 13 5617 10 5715 1 5717 4
cmr195_mask3,2641 6 2735 10 2828 15 2922 17 3017 20 3113 20 3208 22 3304 22 3399 24 3495 24 3591 24 3687 24 3783 24 3880 24 3976 24 4072 24 4169 23 4265 22 4362 21 4458 20 4554 19 4651 18 4749 15 4846 13 4944 10 5042 7
cmr196_mask1,2441 1 2629 1 2819 1 2914 2 2944 1 3008 4 3101 7 3196 8 3234 1 3291 9 3387 9 3483 10 3579 10 3673 12 3769 13 3865 13 3961 14 4056 14 4151 17 4247 18 4343 18 4438 19 4534 21 4579 1 4630 21 4726 22 4823 9 4837 7 4919 8 4934 8 5015 7 5031 7 5111 7 5128 7 5151 1 5208 6 5225 8 5304 7 5322 8 5401 6 5419 7 5427 1 5497 6 5516 11 5593 6 5613 8 5689 6 5710 7 5785 6 5808 4 5883 4 5905 3 5979 4 6002 1 6078 2 6175 2 6273 1 6567 4
cmr196_mask2,2251 9 2347 13 2442 16 2535 22 2630 24 2724 27 2820 28 2916 11 2933 11 3012 8 3030 11 3108 6 3129 9 3204 5 3225 9 3300 5 3322 9 3396 5 3418 10 3493 5 3515 9 3589 6 3611 9 3685 6 3708 8 3782 5 3804 8 3878 6 3901 7 3975 6 3997 7 4070 8 4093 7 4168 6 4188 8 4265 7 4284 9 4361 9 4380 8 4457 10 4475 9 4555 9 4570 9 4651 24 4748 22 4844 22 4942 19 5038 19 5135 16 5233 13 5330 11 5400 1 5426 1 5428 7 5527 1 5882 1 5978 1 6367 1 6463 1
cmr196_mask3,2927 6 3020 10 3114 15 3209 16 3305 17 3401 17 3498 17 3595 16 3691 17 3787 17 3884 17 3981 16 4078 15 4174 14 4272 12 4370 10 4467 8 4564 6 4832 5 4927 7 5022 9 5118 10 5214 11 5311 11 5407 12 5503 13 5599 14 5695 15 5791 17 5887 18 5983 19 6080 17 6177 15 6274 13 6371 11 6469 7
cmr197_mask1,2440 2 2449 1 2533 2 2548 1 2841 1 3004 4 3097 6 3190 9 3286 8 3380 9 3475 10 3519 1 3571 10 3667 10 3762 11 3857 11 3951 13 4046 14 4141 16 4236 16 4332 17 4428 17 4523 18 4619 18 4715 19 4811 19 4907 20 5003 21 5099 21 5196 21 5292 21 5388 22 5484 23 5580 26 5676 28 5772 32 5869 33 5966 31 6062 30 6159 28 6255 27 6353 23 6449 22 6547 19 6643 17 6740 15 6837 12 6934 9 7031 4
cmr197_mask2,2442 7 2535 13 2628 19 2723 21 2818 8 2833 8 2912 7 2932 6 3008 6 3029 6 3103 6 3127 6 3199 6 3224 6 3294 5 3321 5 3389 5 3418 5 3485 5 3515 4 3581 5 3612 4 3677 4 3708 5 3773 5 3804 5 3868 6 3900 5 3964 6 3996 5 4060 6 4092 5 4157 4 4188 5 4252 6 4284 4 4349 5 4379 5 4445 5 4475 4 4541 5 4570 4 4637 6 4665 5 4734 5 4759 6 4830 6 4855 6 4927 6 4949 7 5024 6 5044 7 5120 6 5138 8 5217 7 5234 7 5313 9 5329 7 5410 21 5507 19 5606 15 5704 11 5804 3
cmr197_mask3,2826 7 2919 13 3014 15 3109 18 3205 19 3299 22 3394 24 3490 25 3586 26 3681 27 3778 26 3874 26 3970 26 4066 26 4161 27 4258 26 4354 25 4450 25 4546 24 4643 22 4739 20 4836 19 4933 16 5030 14 5126 12 5224 10 5322 7
cmr198_mask1,2632 2 2640 1 2820 1 3129 1 3197 3 3290 6 3385 6 3478 9 3574 8 3670 8 3762 12 3857 13 3953 13 4048 13 4143 14 4238 15 4333 17 4429 17 4524 18 4620 18 4716 19 4812 19 4909 19 5005 19 5101 20 5197 21 5293 21 5389 22 5485 23 5525 1 5581 24 5677 28 5773 34 5870 32 5966 30 6063 28 6159 26 6256 24 6353 21 6450 19 6547 16 6644 13 6742 4 6839 1
cmr198_mask2,2634 6 2726 15 2821 17 2915 20 3010 7 3020 3 3024 8 3105 7 3122 7 3200 6 3220 6 3296 5 3317 6 3391 5 3414 6 3487 5 3511 5 3582 6 3607 6 3678 6 3704 5 3774 5 3801 4 3870 5 3897 5 3966 6 3994 4 4061 7 4089 5 4157 6 4185 5 4253 7 4281 5 4350 6 4377 4 4446 6 4473 4 4542 7 4568 5 4638 7 4662 6 4735 6 4758 6 4831 7 4853 6 4928 7 4949 6 5024 8 5043 8 5121 8 5138 7 5218 9 5232 8 5314 21 5411 20 5508 17 5605 14 5705 8
cmr198_mask3,3017 3 3023 1 3112 10 3206 14 3301 16 3396 18 3492 19 3588 19 3684 20 3779 22 3875 22 3972 22 4068 21 4163 22 4260 21 4356 21 4452 21 4549 19 4645 17 4741 17 4838 15 4935 14 5032 11 5129 9 5227 5
cmr199_mask1,2237 5 2332 8 2428 9 2523 10 2618 11 2714 10 2809 12 2904 12 2999 14 3094 21 3190 22 3286 22 3382 22 3477 21 3573 20 3669 19 3766 15 3861 17 3958 15 4054 15 4150 14 4244 17 4341 16 4437 16 4532 17 4628 17 4725 16 4822 14 4918 15 5015 13 5111 14 5208 13 5303 1 5305 13 5401 13 5498 12 5595 12 5692 12 5789 12 5886 11 5982 13 6080 11 6177 10 6274 7 6372 1
cmr199_mask2,3405 7 3498 12 3593 15 3688 17 3781 7 3796 7 3878 6 3894 5 3973 6 3992 4 4069 5 4089 4 4164 6 4186 3 4261 4 4283 3 4357 4 4379 3 4453 4 4475 4 4549 4 4571 4 4645 4 4667 4 4741 4 4764 3 4836 5 4860 3 4933 4 4956 4 5028 5 5051 5 5125 4 5147 5 5221 5 5243 4 5318 5 5338 6 5414 5 5434 5 5510 6 5529 6 5607 6 5623 7 5704 5 5711 1 5716 7 5724 2 5801 17 5897 16 5995 14 6093 4 6100 3
cmr199_mask3,3788 8 3884 10 3979 13 4074 15 4170 16 4265 18 4361 18 4457 18 4553 18 4649 18 4745 19 4841 19 4937 19 5033 18 5129 18 5226 17 5323 15 5419 15 5516 13 5613 10 5709 2 5712 4
cmr200_mask1,2235 8 2330 10 2426 12 2521 13 2617 13 2713 13 2757 1 2808 13 2853 1 2904 13 2999 14 3095 14 3190 17 3286 18 3382 20 3478 18 3573 17 3669 16 3766 14 3862 14 3958 14 4055 13 4150 14 4246 14 4342 14 4438 13 4534 15 4630 14 4726 14 4823 13 4872 1 4919 13 5014 15 5110 15 5207 2 5210 12 5307 11 5404 11 5501 11 5598 10 5695 8 5794 4
cmr200_mask2,3402 10 3496 14 3590 17 3685 19 3780 21 3876 10 3889 9 3972 8 3987 7 4068 8 4084 7 4164 7 4181 6 4260 7 4278 6 4356 7 4375 5 4451 8 4471 6 4549 5 4567 7 4644 6 4662 8 4740 6 4758 8 4836 7 4853 8 4932 7 4949 8 5029 7 5045 8 5125 7 5140 9 5222 22 5318 21 5415 20 5512 17 5610 14 5707 11 5805 4 5812 2
cmr200_mask3,3886 3 3980 7 4076 8 4171 10 4267 11 4363 12 4459 12 4554 13 4650 12 4746 12 4843 10 4939 10 5036 9 5132 8
